{
    "content": [
        {
            "id": "25c89ff6",
            "settings": {
                "flex_direction": "row",
                "flex_gap": {
                    "unit": "px",
                    "size": 30,
                    "column": "030",
                    "row": "030",
                    "isLinked": true
                },
                "padding": {
                    "unit": "px",
                    "top": "100",
                    "right": "0",
                    "bottom": "0",
                    "left": "0",
                    "isLinked": false
                }
            },
            "elements": [
                {
                    "id": "6df57dd",
                    "settings": {
                        "flex_direction": "column",
                        "content_width": "full",
                        "width": {
                            "unit": "%",
                            "size": "50"
                        },
                        "padding": {
                            "unit": "px",
                            "top": "0",
                            "right": "0",
                            "bottom": "0",
                            "left": "0",
                            "isLinked": true
                        }
                    },
                    "elements": [
                        {
                            "id": "213f75cd",
                            "settings": {
                                "image": {
                                    "url": "https://static.tildacdn.com/tild3463-3432-4865-b137-316166623531/_TRF_D20_35-4_.jpg",
                                    "id": 100,
                                    "size": "",
                                    "alt": "",
                                    "source": "library"
                                },
                                "image_size": "full"
                            },
                            "elements": [],
                            "isInner": false,
                            "widgetType": "image",
                            "elType": "widget"
                        }
                    ],
                    "isInner": true,
                    "elType": "container"
                },
                {
                    "id": "2aad71bc",
                    "settings": {
                        "flex_direction": "column",
                        "content_width": "full",
                        "width": {
                            "unit": "%",
                            "size": "50"
                        },
                        "flex_justify_content": "center",
                        "padding": {
                            "unit": "px",
                            "top": "0",
                            "right": "0",
                            "bottom": "0",
                            "left": "0",
                            "isLinked": true
                        }
                    },
                    "elements": [
                        {
                            "id": "641b31c3",
                            "settings": {
                                "title": "Дизельный вилочный погрузчик TRF D35-3M (CPCD35) ",
                                "title_color": "#000000",
                                "typography_typography": "custom",
                                "typography_font_family": "Arial",
                                "typography_font_size": {
                                    "unit": "px",
                                    "size": 40,
                                    "sizes": []
                                },
                                "typography_font_weight": "600",
                                "typography_font_size_mobile": {
                                    "unit": "px",
                                    "size": 30,
                                    "sizes": []
                                }
                            },
                            "elements": [],
                            "isInner": false,
                            "widgetType": "heading",
                            "elType": "widget"
                        },
                        {
                            "id": "67c9889b",
                            "settings": {
                                "text": "Получить КП",
                                "typography_typography": "custom",
                                "typography_font_family": "Roboto",
                                "typography_font_size": {
                                    "unit": "px",
                                    "size": 18,
                                    "sizes": []
                                },
                                "typography_font_weight": "500",
                                "background_color": "#FF5F2E",
                                "align_mobile": "center"
                            },
                            "elements": [],
                            "isInner": false,
                            "widgetType": "button",
                            "elType": "widget"
                        },
                        {
                            "id": "66927af7",
                            "settings": {
                                "editor": "Грузоподъемность — 3500 кг<br/>Высота подъема — 3000 мм<br/>Тип двигателя — дизельный<br/><br/>Бесплатная доставка до вашего склада<br/>Гарантия — 1 год или 1000 моточасов<br/><br/>",
                                "text_color": "#000000",
                                "typography_typography": "custom",
                                "typography_font_family": "Arial",
                                "typography_font_size": {
                                    "unit": "px",
                                    "size": 16,
                                    "sizes": []
                                },
                                "typography_font_weight": "400"
                            },
                            "elements": [],
                            "isInner": false,
                            "widgetType": "text-editor",
                            "elType": "widget"
                        }
                    ],
                    "isInner": true,
                    "elType": "container"
                }
            ],
            "isInner": false,
            "elType": "container"
        },
        {
            "id": "7d762a77",
            "settings": {
                "flex_direction": "row",
                "flex_gap": {
                    "unit": "px",
                    "size": 0,
                    "column": "0",
                    "row": "0"
                },
                "padding": {
                    "unit": "px",
                    "top": "0100",
                    "right": "0",
                    "bottom": "0",
                    "left": "0",
                    "isLinked": false
                }
            },
            "elements": [
                {
                    "id": "783f6b3c",
                    "settings": {
                        "flex_direction": "column",
                        "content_width": "full",
                        "width": {
                            "unit": "%",
                            "size": 100
                        },
                        "padding": {
                            "unit": "px",
                            "top": "0",
                            "right": "0",
                            "bottom": "0",
                            "left": "0",
                            "isLinked": true
                        }
                    },
                    "elements": [
                        {
                            "id": "32d8542a",
                            "settings": {
                                "image": {
                                    "url": "https://static.tildacdn.com/tild6235-6232-4238-a233-313131356439/TRF_D20_25_30_35-3Xi.jpg",
                                    "id": 57,
                                    "size": "",
                                    "alt": "",
                                    "source": "library"
                                },
                                "image_size": "full"
                            },
                            "elements": [],
                            "isInner": false,
                            "widgetType": "image",
                            "elType": "widget"
                        }
                    ],
                    "isInner": true,
                    "elType": "container"
                }
            ],
            "isInner": false,
            "elType": "container"
        },
        {
            "id": "f257045",
            "settings": {
                "flex_direction": "column",
                "padding": {
                    "unit": "px",
                    "top": "0100",
                    "right": "0",
                    "bottom": "0",
                    "left": "0",
                    "isLinked": false
                }
            },
            "elements": [
                {
                    "id": "68f7a88c",
                    "settings": {
                        "title": "Общие характеристики\n",
                        "title_color": "#000000",
                        "typography_typography": "custom",
                        "typography_font_family": "Arial",
                        "typography_font_size": {
                            "unit": "px",
                            "size": 30,
                            "sizes": []
                        },
                        "typography_font_weight": "600",
                        "typography_font_size_mobile": {
                            "unit": "px",
                            "size": 25,
                            "sizes": []
                        }
                    },
                    "elements": [],
                    "isInner": false,
                    "widgetType": "heading",
                    "elType": "widget"
                }
            ],
            "isInner": false,
            "elType": "container"
        },
        {
            "id": "600800fd",
            "settings": {
                "flex_direction": "column"
            },
            "elements": [
                {
                    "id": "66a6d145",
                    "settings": {
                        "table_header": [
                            {
                                "text": "<i>ХАРАКТЕРИСТИКИ</i>",
                                "_id": "3176835",
                                "advance": "yes",
                                "colspannumber": ""
                            },
                            {
                                "text": "",
                                "_id": "fb6d4cd"
                            },
                            {
                                "text": "<b>Размер передних шин </b>",
                                "_id": "fc5afc9"
                            },
                            {
                                "text": "28×9-15-14PR",
                                "advance": "yes",
                                "_id": "73d53a3"
                            }
                        ],
                        "table_body": [
                            {
                                "text": "<b>Номинальная грузоподъемность Q, кг</b>",
                                "_id": "ade71ec"
                            },
                            {
                                "text": "3500",
                                "_id": "c77dc52"
                            },
                            {
                                "text": "<b>Размер задних шин </b>",
                                "_id": "4cf0653"
                            },
                            {
                                "text": "6.50-10-10PR",
                                "_id": "2bef454"
                            },
                            {
                                "_id": "7c3ef68",
                                "row": "yes",
                                "text": "<b>Центр тяжести J, мм </b>"
                            },
                            {
                                "_id": "c9e7a65",
                                "text": "500"
                            },
                            {
                                "_id": "ab7ff83",
                                "text": "<i>ПРОЧЕЕ</i>"
                            },
                            {
                                "_id": "41d7984",
                                "text": ""
                            },
                            {
                                "_id": "bfa12ca",
                                "row": "yes",
                                "text": "<b>Стандартная макс. высота (с защитной решеткой каретки) , мм </b>"
                            },
                            {
                                "_id": "a6a8deb",
                                "text": "4237"
                            },
                            {
                                "_id": "1808a40",
                                "text": "<b>Макс.скорость подъема, с грузом/без груза , мм /с</b>"
                            },
                            {
                                "_id": "473d47f",
                                "text": "450/485"
                            },
                            {
                                "_id": "0e1bc2a",
                                "row": "yes",
                                "text": "<i>ГАБАРИТНЫЕ РАЗМЕРЫ</i>"
                            },
                            {
                                "_id": "d2aec53",
                                "text": ""
                            },
                            {
                                "_id": "0f6825a",
                                "text": "<b>Скорость опускания, с грузом/без груза , мм /с</b>"
                            },
                            {
                                "_id": "ec6e3e6",
                                "text": "с грузом ≤ 600/без груза ≥ 300"
                            },
                            {
                                "_id": "843f4ec",
                                "row": "yes",
                                "text": "<b>Максимальная высота подъема (стандартная) h1, мм </b>"
                            },
                            {
                                "_id": "17cc90f",
                                "text": "3000"
                            },
                            {
                                "_id": "a01dc66",
                                "text": "<b>Макс. преодолеваемый уклон, с грузом/без груза , %</b>"
                            },
                            {
                                "_id": "89c9267",
                                "text": "20"
                            },
                            {
                                "_id": "1c029e6",
                                "row": "yes",
                                "text": "<b>Высота по крыше h4, мм </b>"
                            },
                            {
                                "_id": "49e8691",
                                "text": "2150"
                            },
                            {
                                "_id": "5a466a3",
                                "text": "<b>Стд.эксплуатационная масса (с полными заправочными емкостями) , кг</b>"
                            },
                            {
                                "_id": "51b9888",
                                "text": "4630"
                            },
                            {
                                "_id": "c7d9679",
                                "row": "yes",
                                "text": "<b>Общая длина (с вилами) L1, мм </b>"
                            },
                            {
                                "_id": "0807cd3",
                                "text": "3898"
                            },
                            {
                                "_id": "725a0f7",
                                "text": "<b>Нагрузка на мост, передний/задний (с грузом) , кг</b>"
                            },
                            {
                                "_id": "0b0548e",
                                "text": "7265/865"
                            },
                            {
                                "_id": "276b2ab",
                                "row": "yes",
                                "text": "<b>Колесная база L2, мм </b>"
                            },
                            {
                                "_id": "bf4b6f2",
                                "text": "1750"
                            },
                            {
                                "_id": "614287f",
                                "text": "<b>Нагрузка на мост, передний/задний (без груза) , кг</b>"
                            },
                            {
                                "_id": "ce07702",
                                "text": "1760/2870"
                            },
                            {
                                "_id": "2239271",
                                "row": "yes",
                                "text": "<b>Передний свес L3, мм </b>"
                            },
                            {
                                "_id": "fcd3be2",
                                "text": "498"
                            },
                            {
                                "_id": "0315c5b",
                                "text": "<b>Основной тормоз </b>"
                            },
                            {
                                "_id": "c7d30e7",
                                "text": "Тормоз с усилителем"
                            },
                            {
                                "_id": "205c57c",
                                "row": "yes",
                                "text": "<b>Задний свес L4, мм </b>"
                            },
                            {
                                "_id": "5f2e897",
                                "text": "580"
                            },
                            {
                                "_id": "117de8d",
                                "text": "<b>Стояночный тормоз </b>"
                            },
                            {
                                "_id": "f169717",
                                "text": "Механический ручной тормоз с рычажным управлением"
                            },
                            {
                                "_id": "af4fdc9",
                                "row": "yes",
                                "text": "<b>Минимальный дорожный просвет (Рама/Мачта) m1/m2, мм </b>"
                            },
                            {
                                "_id": "8be58da",
                                "text": "165/132"
                            },
                            {
                                "_id": "3ee2983",
                                "text": "<b>Тип привода </b>"
                            },
                            {
                                "_id": "dc0d0cd",
                                "text": "Механический/Автоматический"
                            },
                            {
                                "_id": "69d2751",
                                "row": "yes",
                                "text": "<b>Общая ширина W1, мм </b>"
                            },
                            {
                                "_id": "f5a0728",
                                "text": "1250"
                            },
                            {
                                "_id": "a48e227",
                                "text": "<b>Объем топливного бака , л</b>"
                            },
                            {
                                "_id": "9ba4959",
                                "text": "60"
                            },
                            {
                                "_id": "bb4d690",
                                "row": "yes",
                                "text": "<b>Регулируемое расстояние между вилами (по внешнему краю) , мм </b>"
                            },
                            {
                                "_id": "6ebf5c9",
                                "text": "255-1055"
                            },
                            {
                                "_id": "f97ed85",
                                "text": "<b>Напряжение/Емкость аккумулятора , В/А*ч</b>"
                            },
                            {
                                "_id": "440825a",
                                "text": "12/80"
                            },
                            {
                                "_id": "1ffe1f4",
                                "row": "yes",
                                "text": "<b>Стандартный размер вил (L5*W*T) , мм </b>"
                            },
                            {
                                "_id": "b8e305c",
                                "text": "1070×125×50"
                            },
                            {
                                "_id": "7a878fb",
                                "text": "<i>ДВИГАТЕЛЬ</i>"
                            },
                            {
                                "_id": "88291a9",
                                "text": ""
                            },
                            {
                                "_id": "822faee",
                                "row": "yes",
                                "text": "<b>Ширина колеи (передние колеса) S, мм </b>"
                            },
                            {
                                "_id": "3937226",
                                "text": "1030"
                            },
                            {
                                "_id": "72bd659",
                                "text": "<b>Модель</b>"
                            },
                            {
                                "_id": "4136a21",
                                "text": "S4S-474"
                            },
                            {
                                "_id": "1ef96a5",
                                "row": "yes",
                                "text": "<b>Ширина колеи (задние колеса) P, мм </b>"
                            },
                            {
                                "_id": "cff8d52",
                                "text": "980"
                            },
                            {
                                "_id": "1776f98",
                                "text": "<b>Экологич. класс</b>"
                            },
                            {
                                "_id": "9da7b88",
                                "text": "Euro III A"
                            },
                            {
                                "_id": "1cbcb72",
                                "row": "yes",
                                "text": "<b>Мин. радиус поворота R1, мм </b>"
                            },
                            {
                                "_id": "6502d9c",
                                "text": "2530"
                            },
                            {
                                "_id": "649f243",
                                "text": "<b>Производитель</b>"
                            },
                            {
                                "_id": "1b86f03",
                                "text": "MITSUBISHI"
                            },
                            {
                                "_id": "b6d52f9",
                                "row": "yes",
                                "text": "<b>Мин. ширина рабочего прохода для поддона 1000×1200, поперечно , мм </b>"
                            },
                            {
                                "_id": "3d7fed2",
                                "text": "4225"
                            },
                            {
                                "_id": "dcdf80a",
                                "text": "<b>Ном.мощность</b>"
                            },
                            {
                                "_id": "8ca1d4d",
                                "text": "35.3кВт/2300 об/м"
                            },
                            {
                                "_id": "0c0592b",
                                "row": "yes",
                                "text": "<b>Мин. ширина рабочего прохода для поддона 800×1200, продольно , мм </b>"
                            },
                            {
                                "_id": "7dd61ff",
                                "text": "4428"
                            },
                            {
                                "_id": "4f38ec7",
                                "text": "<b>Макс.крут.момент</b>"
                            },
                            {
                                "_id": "f5f20f8",
                                "text": "176Н*м/1800 об/м"
                            },
                            {
                                "_id": "3c37a90",
                                "row": "yes",
                                "text": "<i>ШИНЫ</i>"
                            },
                            {
                                "_id": "ce299e0",
                                "text": ""
                            },
                            {
                                "_id": "3fb9799",
                                "text": "<b>Диам.цилиндра/Кол-во цилиндров/Объем</b>"
                            },
                            {
                                "_id": "4540cf6",
                                "text": "120мм/4/3.331л"
                            },
                            {
                                "_id": "6313523",
                                "row": "yes",
                                "text": "<b>Кол-во колес, передние/задние (X=ведомые колеса) </b>"
                            },
                            {
                                "_id": "9517776",
                                "text": "X=2/2"
                            },
                            {
                                "_id": "af0bccb",
                                "text": "<b>Расход топлива</b>"
                            },
                            {
                                "_id": "4fbe08e",
                                "text": "225г/кВт*ч"
                            },
                            {
                                "_id": "06fd8dc",
                                "row": "yes",
                                "text": "<b>Тип шин </b>"
                            },
                            {
                                "_id": "3dd6e17",
                                "text": "Пневматические"
                            },
                            {
                                "_id": "0bf788f",
                                "text": "<b>Примен-ть</b>"
                            },
                            {
                                "_id": "36aa660",
                                "text": "D30/35-3M"
                            }
                        ],
                        "table_padding": {
                            "unit": "px",
                            "top": "1",
                            "right": "1",
                            "bottom": "1",
                            "left": "1",
                            "isLinked": true
                        },
                        "table_border_border": "solid",
                        "table_border_width": {
                            "unit": "px",
                            "top": "0",
                            "right": "5",
                            "bottom": "0",
                            "left": "5",
                            "isLinked": false
                        },
                        "table_border_color": "#FFFFFF",
                        "header_text_color": "#000000",
                        "header_bg_color": "#E5EEFF",
                        "body_align": "left",
                        "body_typography_typography": "custom",
                        "body_typography_font_family": "Arial",
                        "body_typography_font_size": {
                            "unit": "px",
                            "size": 16,
                            "sizes": []
                        },
                        "body_typography_font_weight": "600",
                        "body_bg_color": "#FFFFFF00",
                        "striped_bg": "yes",
                        "striped_bg_color": "#E5EEFF",
                        "header_typography_typography": "custom",
                        "body_typography_font_size_mobile": {
                            "unit": "px",
                            "size": 13,
                            "sizes": []
                        }
                    },
                    "elements": [],
                    "isInner": false,
                    "widgetType": "Table",
                    "elType": "widget"
                }
            ],
            "isInner": false,
            "elType": "container"
        },
        {
            "id": "43cae2a0",
            "settings": {
                "flex_direction": "column",
                "padding": {
                    "unit": "px",
                    "top": "0100",
                    "right": "0",
                    "bottom": "0",
                    "left": "0",
                    "isLinked": false
                }
            },
            "elements": [
                {
                    "id": "26bebe76",
                    "settings": {
                        "image": {
                            "url": "https://static.tildacdn.com/tild3633-6337-4566-a633-663866363234/20.jpg",
                            "id": 65,
                            "size": "",
                            "alt": "",
                            "source": "library"
                        },
                        "image_size": "full"
                    },
                    "elements": [],
                    "isInner": false,
                    "widgetType": "image",
                    "elType": "widget"
                }
            ],
            "isInner": false,
            "elType": "container"
        },
        {
            "id": "786291e",
            "settings": {
                "flex_direction": "column",
                "padding": {
                    "unit": "px",
                    "top": "100",
                    "right": "0",
                    "bottom": "0",
                    "left": "0",
                    "isLinked": false
                }
            },
            "elements": [
                {
                    "id": "405f8787",
                    "settings": {
                        "title": "Отличительные особенности",
                        "align": "center",
                        "title_color": "#000000",
                        "typography_typography": "custom",
                        "typography_font_family": "Arial",
                        "typography_font_size": {
                            "unit": "px",
                            "size": 42,
                            "sizes": []
                        },
                        "typography_font_weight": "600",
                        "typography_font_size_mobile": {
                            "unit": "px",
                            "size": 25,
                            "sizes": []
                        }
                    },
                    "elements": [],
                    "isInner": false,
                    "widgetType": "heading",
                    "elType": "widget"
                }
            ],
            "isInner": false,
            "elType": "container"
        },
        {
            "id": "5c083af7",
            "settings": {
                "flex_direction": "row",
                "flex_gap": {
                    "unit": "px",
                    "size": 0,
                    "column": "0",
                    "row": "0"
                },
                "padding": {
                    "unit": "px",
                    "top": "050",
                    "right": "0",
                    "bottom": "0",
                    "left": "0",
                    "isLinked": false
                }
            },
            "elements": [
                {
                    "id": "4dbedf48",
                    "settings": {
                        "flex_direction": "row",
                        "content_width": "full",
                        "width": {
                            "unit": "%",
                            "size": 33.33
                        },
                        "flex_gap": {
                            "column": "30",
                            "row": "30",
                            "isLinked": true,
                            "unit": "px",
                            "size": 30
                        }
                    },
                    "elements": [
                        {
                            "id": "6ca1a5a",
                            "settings": {
                                "social_icon_list": [
                                    {
                                        "social_icon": {
                                            "value": "fab fa-facebook",
                                            "library": "fa-brands"
                                        },
                                        "_id": "9f14276"
                                    }
                                ],
                                "shape": "circle",
                                "icon_color": "custom",
                                "icon_primary_color": "#1F5BFF",
                                "icon_secondary_color": "#1F5BFF",
                                "icon_size": {
                                    "unit": "px",
                                    "size": 30,
                                    "sizes": []
                                }
                            },
                            "elements": [],
                            "isInner": false,
                            "widgetType": "social-icons",
                            "elType": "widget"
                        },
                        {
                            "id": "6ea82562",
                            "settings": {
                                "flex_gap": {
                                    "column": "020",
                                    "row": "020",
                                    "isLinked": true,
                                    "unit": "px",
                                    "size": 20
                                },
                                "padding": {
                                    "unit": "px",
                                    "top": "0",
                                    "right": "0",
                                    "bottom": "0",
                                    "left": "0",
                                    "isLinked": true
                                }
                            },
                            "elements": [
                                {
                                    "id": "3a98e27f",
                                    "settings": {
                                        "title": "Привлекательный внешний вид",
                                        "title_color": "#000000",
                                        "typography_typography": "custom",
                                        "typography_font_family": "Roboto",
                                        "typography_font_size": {
                                            "unit": "px",
                                            "size": 20,
                                            "sizes": []
                                        },
                                        "typography_font_weight": "600"
                                    },
                                    "elements": [],
                                    "isInner": false,
                                    "widgetType": "heading",
                                    "elType": "widget"
                                },
                                {
                                    "id": "3fcee701",
                                    "settings": {
                                        "editor": "Привлекательный и оригинальный дизайн, противовес с элементами дизайна автомобиля, яркая индивидуальность, динамичный",
                                        "text_color": "#000000",
                                        "typography_typography": "custom",
                                        "typography_font_family": "Roboto",
                                        "typography_font_size": {
                                            "unit": "px",
                                            "size": 16,
                                            "sizes": []
                                        },
                                        "typography_font_weight": "400",
                                        "typography_font_size_mobile": {
                                            "unit": "px",
                                            "size": 13,
                                            "sizes": []
                                        }
                                    },
                                    "elements": [],
                                    "isInner": false,
                                    "widgetType": "text-editor",
                                    "elType": "widget"
                                }
                            ],
                            "isInner": true,
                            "elType": "container"
                        }
                    ],
                    "isInner": true,
                    "elType": "container"
                },
                {
                    "id": "6226065c",
                    "settings": {
                        "flex_direction": "row",
                        "content_width": "full",
                        "width": {
                            "unit": "%",
                            "size": 33.33
                        },
                        "flex_gap": {
                            "column": "30",
                            "row": "30",
                            "isLinked": true,
                            "unit": "px",
                            "size": 30
                        }
                    },
                    "elements": [
                        {
                            "id": "760a688a",
                            "settings": {
                                "social_icon_list": [
                                    {
                                        "social_icon": {
                                            "value": "fab fa-facebook",
                                            "library": "fa-brands"
                                        },
                                        "_id": "9f14276"
                                    }
                                ],
                                "shape": "circle",
                                "icon_color": "custom",
                                "icon_primary_color": "#1F5BFF",
                                "icon_secondary_color": "#1F5BFF",
                                "icon_size": {
                                    "unit": "px",
                                    "size": 30,
                                    "sizes": []
                                }
                            },
                            "elements": [],
                            "isInner": false,
                            "widgetType": "social-icons",
                            "elType": "widget"
                        },
                        {
                            "id": "5980e4fb",
                            "settings": {
                                "flex_gap": {
                                    "column": "020",
                                    "row": "020",
                                    "isLinked": true,
                                    "unit": "px",
                                    "size": 20
                                },
                                "padding": {
                                    "unit": "px",
                                    "top": "0",
                                    "right": "0",
                                    "bottom": "0",
                                    "left": "0",
                                    "isLinked": true
                                }
                            },
                            "elements": [
                                {
                                    "id": "55153f6c",
                                    "settings": {
                                        "title": "Энергоэффективность",
                                        "title_color": "#000000",
                                        "typography_typography": "custom",
                                        "typography_font_family": "Roboto",
                                        "typography_font_size": {
                                            "unit": "px",
                                            "size": 20,
                                            "sizes": []
                                        },
                                        "typography_font_weight": "600"
                                    },
                                    "elements": [],
                                    "isInner": false,
                                    "widgetType": "heading",
                                    "elType": "widget"
                                },
                                {
                                    "id": "16992a06",
                                    "settings": {
                                        "editor": "Оптимизированная конструкция гидравлической системы чувствительной к нагрузкам позволяет уменьшить потребление топлива",
                                        "text_color": "#000000",
                                        "typography_typography": "custom",
                                        "typography_font_family": "Roboto",
                                        "typography_font_size": {
                                            "unit": "px",
                                            "size": 16,
                                            "sizes": []
                                        },
                                        "typography_font_weight": "400",
                                        "typography_font_size_mobile": {
                                            "unit": "px",
                                            "size": 13,
                                            "sizes": []
                                        }
                                    },
                                    "elements": [],
                                    "isInner": false,
                                    "widgetType": "text-editor",
                                    "elType": "widget"
                                }
                            ],
                            "isInner": true,
                            "elType": "container"
                        }
                    ],
                    "isInner": true,
                    "elType": "container"
                },
                {
                    "id": "2f8b5459",
                    "settings": {
                        "flex_direction": "row",
                        "content_width": "full",
                        "width": {
                            "unit": "%",
                            "size": 33.33
                        },
                        "flex_gap": {
                            "column": "30",
                            "row": "30",
                            "isLinked": true,
                            "unit": "px",
                            "size": 30
                        }
                    },
                    "elements": [
                        {
                            "id": "960b9a7",
                            "settings": {
                                "social_icon_list": [
                                    {
                                        "social_icon": {
                                            "value": "fab fa-facebook",
                                            "library": "fa-brands"
                                        },
                                        "_id": "9f14276"
                                    }
                                ],
                                "shape": "circle",
                                "icon_color": "custom",
                                "icon_primary_color": "#1F5BFF",
                                "icon_secondary_color": "#1F5BFF",
                                "icon_size": {
                                    "unit": "px",
                                    "size": 30,
                                    "sizes": []
                                }
                            },
                            "elements": [],
                            "isInner": false,
                            "widgetType": "social-icons",
                            "elType": "widget"
                        },
                        {
                            "id": "4b35c8e5",
                            "settings": {
                                "flex_gap": {
                                    "column": "020",
                                    "row": "020",
                                    "isLinked": true,
                                    "unit": "px",
                                    "size": 20
                                },
                                "padding": {
                                    "unit": "px",
                                    "top": "0",
                                    "right": "0",
                                    "bottom": "0",
                                    "left": "0",
                                    "isLinked": true
                                }
                            },
                            "elements": [
                                {
                                    "id": "2681128a",
                                    "settings": {
                                        "title": "Комфорт оператора",
                                        "title_color": "#000000",
                                        "typography_typography": "custom",
                                        "typography_font_family": "Roboto",
                                        "typography_font_size": {
                                            "unit": "px",
                                            "size": 20,
                                            "sizes": []
                                        },
                                        "typography_font_weight": "600"
                                    },
                                    "elements": [],
                                    "isInner": false,
                                    "widgetType": "heading",
                                    "elType": "widget"
                                },
                                {
                                    "id": "7459b359",
                                    "settings": {
                                        "editor": "Интерактивный и эргономичный дизайн обеспечивает удобство в работе оператора. Мачта с широким обзором обеспечивает безопасность в работе.",
                                        "text_color": "#000000",
                                        "typography_typography": "custom",
                                        "typography_font_family": "Roboto",
                                        "typography_font_size": {
                                            "unit": "px",
                                            "size": 16,
                                            "sizes": []
                                        },
                                        "typography_font_weight": "400",
                                        "typography_font_size_mobile": {
                                            "unit": "px",
                                            "size": 13,
                                            "sizes": []
                                        }
                                    },
                                    "elements": [],
                                    "isInner": false,
                                    "widgetType": "text-editor",
                                    "elType": "widget"
                                }
                            ],
                            "isInner": true,
                            "elType": "container"
                        }
                    ],
                    "isInner": true,
                    "elType": "container"
                }
            ],
            "isInner": false,
            "elType": "container"
        },
        {
            "id": "5c6286b7",
            "settings": {
                "flex_direction": "row",
                "flex_gap": {
                    "unit": "px",
                    "size": 0,
                    "column": "0",
                    "row": "0"
                },
                "padding": {
                    "unit": "px",
                    "top": "030",
                    "right": "0",
                    "bottom": "0",
                    "left": "0",
                    "isLinked": false
                }
            },
            "elements": [
                {
                    "id": "35275027",
                    "settings": {
                        "flex_direction": "row",
                        "content_width": "full",
                        "width": {
                            "unit": "%",
                            "size": 33.33
                        },
                        "flex_gap": {
                            "column": "30",
                            "row": "30",
                            "isLinked": true,
                            "unit": "px",
                            "size": 30
                        }
                    },
                    "elements": [
                        {
                            "id": "771e2d62",
                            "settings": {
                                "social_icon_list": [
                                    {
                                        "social_icon": {
                                            "value": "fab fa-facebook",
                                            "library": "fa-brands"
                                        },
                                        "_id": "9f14276"
                                    }
                                ],
                                "shape": "circle",
                                "icon_color": "custom",
                                "icon_primary_color": "#1F5BFF",
                                "icon_secondary_color": "#1F5BFF",
                                "icon_size": {
                                    "unit": "px",
                                    "size": 30,
                                    "sizes": []
                                }
                            },
                            "elements": [],
                            "isInner": false,
                            "widgetType": "social-icons",
                            "elType": "widget"
                        },
                        {
                            "id": "2f027bab",
                            "settings": {
                                "flex_gap": {
                                    "column": "020",
                                    "row": "020",
                                    "isLinked": true,
                                    "unit": "px",
                                    "size": 20
                                },
                                "padding": {
                                    "unit": "px",
                                    "top": "0",
                                    "right": "0",
                                    "bottom": "0",
                                    "left": "0",
                                    "isLinked": true
                                }
                            },
                            "elements": [
                                {
                                    "id": "1fe6a2c",
                                    "settings": {
                                        "title": "Легкоуправляемый и устойчивый",
                                        "title_color": "#000000",
                                        "typography_typography": "custom",
                                        "typography_font_family": "Roboto",
                                        "typography_font_size": {
                                            "unit": "px",
                                            "size": 20,
                                            "sizes": []
                                        },
                                        "typography_font_weight": "600"
                                    },
                                    "elements": [],
                                    "isInner": false,
                                    "widgetType": "heading",
                                    "elType": "widget"
                                },
                                {
                                    "id": "616e97a3",
                                    "settings": {
                                        "editor": "Встроенное рулевое устройство, повышенная маневренность, удобное управление, улучшенная устойчивость",
                                        "text_color": "#000000",
                                        "typography_typography": "custom",
                                        "typography_font_family": "Roboto",
                                        "typography_font_size": {
                                            "unit": "px",
                                            "size": 16,
                                            "sizes": []
                                        },
                                        "typography_font_weight": "400",
                                        "typography_font_size_mobile": {
                                            "unit": "px",
                                            "size": 13,
                                            "sizes": []
                                        }
                                    },
                                    "elements": [],
                                    "isInner": false,
                                    "widgetType": "text-editor",
                                    "elType": "widget"
                                }
                            ],
                            "isInner": true,
                            "elType": "container"
                        }
                    ],
                    "isInner": true,
                    "elType": "container"
                },
                {
                    "id": "10b00780",
                    "settings": {
                        "flex_direction": "row",
                        "content_width": "full",
                        "width": {
                            "unit": "%",
                            "size": 33.33
                        },
                        "flex_gap": {
                            "column": "30",
                            "row": "30",
                            "isLinked": true,
                            "unit": "px",
                            "size": 30
                        }
                    },
                    "elements": [
                        {
                            "id": "50ec4e8d",
                            "settings": {
                                "social_icon_list": [
                                    {
                                        "social_icon": {
                                            "value": "fab fa-facebook",
                                            "library": "fa-brands"
                                        },
                                        "_id": "9f14276"
                                    }
                                ],
                                "shape": "circle",
                                "icon_color": "custom",
                                "icon_primary_color": "#1F5BFF",
                                "icon_secondary_color": "#1F5BFF",
                                "icon_size": {
                                    "unit": "px",
                                    "size": 30,
                                    "sizes": []
                                }
                            },
                            "elements": [],
                            "isInner": false,
                            "widgetType": "social-icons",
                            "elType": "widget"
                        },
                        {
                            "id": "605d4a23",
                            "settings": {
                                "flex_gap": {
                                    "column": "020",
                                    "row": "020",
                                    "isLinked": true,
                                    "unit": "px",
                                    "size": 20
                                },
                                "padding": {
                                    "unit": "px",
                                    "top": "0",
                                    "right": "0",
                                    "bottom": "0",
                                    "left": "0",
                                    "isLinked": true
                                }
                            },
                            "elements": [
                                {
                                    "id": "3ca72651",
                                    "settings": {
                                        "title": "Удобное техническое обслуживание",
                                        "title_color": "#000000",
                                        "typography_typography": "custom",
                                        "typography_font_family": "Roboto",
                                        "typography_font_size": {
                                            "unit": "px",
                                            "size": 20,
                                            "sizes": []
                                        },
                                        "typography_font_weight": "600"
                                    },
                                    "elements": [],
                                    "isInner": false,
                                    "widgetType": "heading",
                                    "elType": "widget"
                                },
                                {
                                    "id": "4fd2d422",
                                    "settings": {
                                        "editor": "Увеличенное пространство для узлов и деталей, а также более удобное их расположение обеспечивают удобство в обслуживании машины.",
                                        "text_color": "#000000",
                                        "typography_typography": "custom",
                                        "typography_font_family": "Roboto",
                                        "typography_font_size": {
                                            "unit": "px",
                                            "size": 16,
                                            "sizes": []
                                        },
                                        "typography_font_weight": "400",
                                        "typography_font_size_mobile": {
                                            "unit": "px",
                                            "size": 13,
                                            "sizes": []
                                        }
                                    },
                                    "elements": [],
                                    "isInner": false,
                                    "widgetType": "text-editor",
                                    "elType": "widget"
                                }
                            ],
                            "isInner": true,
                            "elType": "container"
                        }
                    ],
                    "isInner": true,
                    "elType": "container"
                },
                {
                    "id": "4a1a534b",
                    "settings": {
                        "flex_direction": "row",
                        "content_width": "full",
                        "width": {
                            "unit": "%",
                            "size": 33.33
                        },
                        "flex_gap": {
                            "column": "30",
                            "row": "30",
                            "isLinked": true,
                            "unit": "px",
                            "size": 30
                        }
                    },
                    "elements": [
                        {
                            "id": "261f6144",
                            "settings": {
                                "social_icon_list": [
                                    {
                                        "social_icon": {
                                            "value": "fab fa-facebook",
                                            "library": "fa-brands"
                                        },
                                        "_id": "9f14276"
                                    }
                                ],
                                "shape": "circle",
                                "icon_color": "custom",
                                "icon_primary_color": "#1F5BFF",
                                "icon_secondary_color": "#1F5BFF",
                                "icon_size": {
                                    "unit": "px",
                                    "size": 30,
                                    "sizes": []
                                }
                            },
                            "elements": [],
                            "isInner": false,
                            "widgetType": "social-icons",
                            "elType": "widget"
                        },
                        {
                            "id": "36d36d03",
                            "settings": {
                                "flex_gap": {
                                    "column": "020",
                                    "row": "020",
                                    "isLinked": true,
                                    "unit": "px",
                                    "size": 20
                                },
                                "padding": {
                                    "unit": "px",
                                    "top": "0",
                                    "right": "0",
                                    "bottom": "0",
                                    "left": "0",
                                    "isLinked": true
                                }
                            },
                            "elements": [
                                {
                                    "id": "288ccc4a",
                                    "settings": {
                                        "title": "Безопасность и надежность",
                                        "title_color": "#000000",
                                        "typography_typography": "custom",
                                        "typography_font_family": "Roboto",
                                        "typography_font_size": {
                                            "unit": "px",
                                            "size": 20,
                                            "sizes": []
                                        },
                                        "typography_font_weight": "600"
                                    },
                                    "elements": [],
                                    "isInner": false,
                                    "widgetType": "heading",
                                    "elType": "widget"
                                },
                                {
                                    "id": "7a7a4eeb",
                                    "settings": {
                                        "editor": "Дизайн рамы и защитного ограждения снижает вибрацию машины и увеличивает прочность рамы.",
                                        "text_color": "#000000",
                                        "typography_typography": "custom",
                                        "typography_font_family": "Roboto",
                                        "typography_font_size": {
                                            "unit": "px",
                                            "size": 16,
                                            "sizes": []
                                        },
                                        "typography_font_weight": "400",
                                        "typography_font_size_mobile": {
                                            "unit": "px",
                                            "size": 13,
                                            "sizes": []
                                        }
                                    },
                                    "elements": [],
                                    "isInner": false,
                                    "widgetType": "text-editor",
                                    "elType": "widget"
                                }
                            ],
                            "isInner": true,
                            "elType": "container"
                        }
                    ],
                    "isInner": true,
                    "elType": "container"
                }
            ],
            "isInner": false,
            "elType": "container"
        },
        {
            "id": "335b8c70",
            "settings": {
                "flex_direction": "row",
                "flex_gap": {
                    "unit": "px",
                    "size": 0,
                    "column": "0",
                    "row": "0"
                },
                "padding": {
                    "unit": "px",
                    "top": "0100",
                    "right": "0",
                    "bottom": "0",
                    "left": "0",
                    "isLinked": false
                }
            },
            "elements": [
                {
                    "id": "366ee82e",
                    "settings": {
                        "flex_direction": "column",
                        "content_width": "full",
                        "width": {
                            "unit": "%",
                            "size": "50"
                        }
                    },
                    "elements": [
                        {
                            "id": "10566a14",
                            "settings": {
                                "title": "Стандартное оснащение\n",
                                "title_color": "#000000",
                                "typography_typography": "custom",
                                "typography_font_family": "Arial",
                                "typography_font_size": {
                                    "unit": "px",
                                    "size": 30,
                                    "sizes": []
                                },
                                "typography_font_weight": "600",
                                "typography_font_size_mobile": {
                                    "unit": "px",
                                    "size": 25,
                                    "sizes": []
                                }
                            },
                            "elements": [],
                            "isInner": false,
                            "widgetType": "heading",
                            "elType": "widget"
                        },
                        {
                            "id": "1e8cb13f",
                            "settings": {
                                "text": "Разделитель",
                                "weight": {
                                    "unit": "px",
                                    "size": 3,
                                    "sizes": []
                                }
                            },
                            "elements": [],
                            "isInner": false,
                            "widgetType": "divider",
                            "elType": "widget"
                        },
                        {
                            "id": "78f4f37",
                            "settings": {
                                "editor": "<ul><li style=\"text-align: left;\">Механическая коробка передач</li><li style=\"text-align: left;\">Электрическое включение заднего хода</li><li style=\"text-align: left;\">Цельнолитые шины</li><li style=\"text-align: left;\">Кабина</li><li style=\"text-align: left;\">Световая сигнализация</li><li style=\"text-align: left;\">Подрессоренное сиденье оператора</li><li style=\"text-align: left;\">Кондиционер</li><li style=\"text-align: left;\">Отопитель кабины</li><li style=\"text-align: left;\">Лобовое стекло</li><li style=\"text-align: left;\">Нейтрализатор выхлопных газов</li><li style=\"text-align: left;\">Сдвоенный воздушный фильтр (на дв. S4S не доступно)</li><li style=\"text-align: left;\">Воздушный фильтр в масляной ванне</li><li style=\"text-align: left;\">Широкая каретка</li><li style=\"text-align: left;\">Доп.навесное оборудование</li><li style=\"text-align: left;\">Глушитель с искрогасителем</li><li style=\"text-align: left;\">Датчик присутствия водителя (блокировка хода)</li><li style=\"text-align: left;\">Датчик присутствия водителя (блокировка хода и гидравлики)</li><li style=\"text-align: left;\">Комплект светодиодных ламп</li><li style=\"text-align: left;\">Голосовой сигнал заднего хода</li><li style=\"text-align: left;\">Сигнализатор превышения скорости,10км/ч</li><li style=\"text-align: left;\">Электрический вентилятор</li><li style=\"text-align: left;\">Звуковая и световая сигнализация</li><li style=\"text-align: left;\">Задний рабочий свет</li><li style=\"text-align: left;\">Удлинитель вил</li><li style=\"text-align: left;\">Пыльники цилиндра наклона</li><li style=\"text-align: left;\">Пыльники рулевого цилиндра</li><li style=\"text-align: left;\">Окраска на выбор</li></ul>",
                                "text_color": "#000000",
                                "typography_typography": "custom",
                                "typography_font_family": "Roboto",
                                "typography_font_size": {
                                    "unit": "px",
                                    "size": 16,
                                    "sizes": []
                                },
                                "typography_font_weight": "400",
                                "typography_font_size_mobile": {
                                    "unit": "px",
                                    "size": 13,
                                    "sizes": []
                                }
                            },
                            "elements": [],
                            "isInner": false,
                            "widgetType": "text-editor",
                            "elType": "widget"
                        }
                    ],
                    "isInner": true,
                    "elType": "container"
                },
                {
                    "id": "3ce790c2",
                    "settings": {
                        "flex_direction": "column",
                        "content_width": "full",
                        "width": {
                            "unit": "%",
                            "size": "50"
                        }
                    },
                    "elements": [
                        {
                            "id": "26f581ea",
                            "settings": {
                                "title": "Опциональное оснащение\n",
                                "title_color": "#000000",
                                "typography_typography": "custom",
                                "typography_font_family": "Arial",
                                "typography_font_size": {
                                    "unit": "px",
                                    "size": 30,
                                    "sizes": []
                                },
                                "typography_font_weight": "600",
                                "typography_font_size_mobile": {
                                    "unit": "px",
                                    "size": 25,
                                    "sizes": []
                                }
                            },
                            "elements": [],
                            "isInner": false,
                            "widgetType": "heading",
                            "elType": "widget"
                        },
                        {
                            "id": "5f373dbb",
                            "settings": {
                                "text": "Разделитель",
                                "weight": {
                                    "unit": "px",
                                    "size": 3,
                                    "sizes": []
                                }
                            },
                            "elements": [],
                            "isInner": false,
                            "widgetType": "divider",
                            "elType": "widget"
                        },
                        {
                            "id": "614682ee",
                            "settings": {
                                "editor": "<ul><li style=\"text-align: left;\">Автоматическая коробка передач </li><li style=\"text-align: left;\">Механическое включение заднего хода </li><li style=\"text-align: left;\">Защитное ограждение водителя </li><li style=\"text-align: left;\">Защитная накидка от дождя </li><li style=\"text-align: left;\">Резиновые накладки на педали </li><li style=\"text-align: left;\">Полуподвесное сиденье оператора </li><li style=\"text-align: left;\">Двухсекционная мачта с широким обзором </li><li style=\"text-align: left;\">Каретка ITA класс II и III </li><li style=\"text-align: left;\">Защитная решетка груза </li><li style=\"text-align: left;\">Стандартные вилы </li><li style=\"text-align: left;\">Регулируемая рулевая колонка </li><li style=\"text-align: left;\">Рычаги подъема и наклона </li><li style=\"text-align: left;\">2-х секционный гидрораспределительный клапан </li><li style=\"text-align: left;\">Гидроусилитель рулевого управления </li><li style=\"text-align: left;\">Фиксирующий клапан цилиндра наклона</li><li style=\"text-align: left;\">Комбинированная панель приборов</li><li style=\"text-align: left;\">Счетчик мото/часов</li><li style=\"text-align: left;\">Датчик уровня масла</li><li style=\"text-align: left;\">Датчик температуры охлаждающей жидкости</li><li style=\"text-align: left;\">Индикатор заряда аккумулятора</li><li style=\"text-align: left;\">Переключатель безопасности нейтрального положения</li><li style=\"text-align: left;\">Индикатор давления масла</li><li style=\"text-align: left;\">Звуковой сигнал</li><li style=\"text-align: left;\">Проблесковый маячек LED</li><li style=\"text-align: left;\">Звуковой сигнал заднего хода</li><li style=\"text-align: left;\">Зеркало заднего вида</li><li style=\"text-align: left;\">Сцепка-штифт</li><li style=\"text-align: left;\">ЗИП (ящик с инструментами)</li></ul>",
                                "text_color": "#000000",
                                "typography_typography": "custom",
                                "typography_font_family": "Roboto",
                                "typography_font_size": {
                                    "unit": "px",
                                    "size": 16,
                                    "sizes": []
                                },
                                "typography_font_weight": "400",
                                "typography_font_size_mobile": {
                                    "unit": "px",
                                    "size": 13,
                                    "sizes": []
                                }
                            },
                            "elements": [],
                            "isInner": false,
                            "widgetType": "text-editor",
                            "elType": "widget"
                        }
                    ],
                    "isInner": true,
                    "elType": "container"
                }
            ],
            "isInner": false,
            "elType": "container"
        },
        {
            "id": "26caf23c",
            "settings": {
                "flex_direction": "column",
                "flex_align_items": "center",
                "margin": {
                    "unit": "px",
                    "top": "0100",
                    "right": "0",
                    "bottom": "0",
                    "left": "0",
                    "isLinked": false
                }
            },
            "elements": [
                {
                    "id": "7b7a09fb",
                    "settings": {
                        "content_width": "full",
                        "width": {
                            "unit": "%",
                            "size": 70,
                            "sizes": []
                        },
                        "background_background": "classic",
                        "background_color": "#174783",
                        "border_radius": {
                            "unit": "px",
                            "top": "5",
                            "right": "5",
                            "bottom": "5",
                            "left": "5",
                            "isLinked": true
                        },
                        "padding": {
                            "unit": "px",
                            "top": "050",
                            "right": "050",
                            "bottom": "050",
                            "left": "050",
                            "isLinked": true
                        },
                        "padding_mobile": {
                            "unit": "px",
                            "top": "20",
                            "right": "20",
                            "bottom": "20",
                            "left": "20",
                            "isLinked": true
                        }
                    },
                    "elements": [
                        {
                            "id": "1d5344dc",
                            "settings": {
                                "editor": "<p>Бесплатно доставим в любую точку России<br /><br />Осуществляем доставку одним из способов:</p><ul><li>Автомобильными путями</li><li>Железнодорожными путями</li></ul><p>Скорость доставки зависит от логистической доступности и оптимальности перевозки. Сохранность и целостность груза обеспечивается ограниченным кругом проверенных и надежных перевозчиков, чья ответственность юридически оформлена.</p>",
                                "text_color": "#FFFFFF",
                                "typography_typography": "custom",
                                "typography_font_family": "Roboto",
                                "typography_font_size": {
                                    "unit": "px",
                                    "size": 16,
                                    "sizes": []
                                },
                                "typography_font_weight": "400",
                                "typography_font_size_mobile": {
                                    "unit": "px",
                                    "size": 13,
                                    "sizes": []
                                }
                            },
                            "elements": [],
                            "isInner": false,
                            "widgetType": "text-editor",
                            "elType": "widget"
                        }
                    ],
                    "isInner": true,
                    "elType": "container"
                }
            ],
            "isInner": false,
            "elType": "container"
        },
        {
            "id": "5c269178",
            "settings": {
                "flex_direction": "row",
                "flex_gap": {
                    "unit": "px",
                    "size": 0,
                    "column": "0",
                    "row": "0"
                },
                "padding": {
                    "unit": "px",
                    "top": "100",
                    "right": "0",
                    "bottom": "100",
                    "left": "0",
                    "isLinked": false
                }
            },
            "elements": [
                {
                    "id": "384b3e37",
                    "settings": {
                        "flex_direction": "column",
                        "content_width": "full",
                        "width": {
                            "unit": "%",
                            "size": "50"
                        }
                    },
                    "elements": [
                        {
                            "id": "41df78c",
                            "settings": {
                                "title": "Оставьте заявку\n",
                                "align": "left",
                                "title_color": "#000000",
                                "typography_typography": "custom",
                                "typography_font_family": "Arial",
                                "typography_font_size": {
                                    "unit": "px",
                                    "size": 40,
                                    "sizes": []
                                },
                                "typography_font_weight": "600",
                                "typography_font_size_mobile": {
                                    "unit": "px",
                                    "size": 25,
                                    "sizes": []
                                }
                            },
                            "elements": [],
                            "isInner": false,
                            "widgetType": "heading",
                            "elType": "widget"
                        },
                        {
                            "id": "3280313e",
                            "settings": {
                                "editor": "<p>Мы свяжемся с вами в ближайшее время и проконсультируем.</p>",
                                "text_color": "#000000",
                                "typography_typography": "custom",
                                "typography_font_family": "Arial",
                                "typography_font_size": {
                                    "unit": "px",
                                    "size": 20,
                                    "sizes": []
                                },
                                "typography_font_weight": "400",
                                "typography_font_size_mobile": {
                                    "unit": "px",
                                    "size": 16,
                                    "sizes": []
                                }
                            },
                            "elements": [],
                            "isInner": false,
                            "widgetType": "text-editor",
                            "elType": "widget"
                        }
                    ],
                    "isInner": true,
                    "elType": "container"
                },
                {
                    "id": "287de7b6",
                    "settings": {
                        "flex_direction": "column",
                        "content_width": "full",
                        "width": {
                            "unit": "%",
                            "size": "50"
                        }
                    },
                    "elements": [
                        {
                            "id": "739242da",
                            "settings": {
                                "form_name": "New Form",
                                "form_fields": [
                                    {
                                        "custom_id": "name",
                                        "placeholder": "Имя",
                                        "dynamic": {
                                            "active": true
                                        },
                                        "_id": "7bb8794",
                                        "required": "true"
                                    },
                                    {
                                        "_id": "0e9e1e6",
                                        "field_type": "tel",
                                        "placeholder": "+7 (999) 999-99-99",
                                        "required": "true",
                                        "custom_id": "field_0e9e1e6"
                                    },
                                    {
                                        "_id": "a1adc2a",
                                        "field_type": "email",
                                        "placeholder": "Email",
                                        "custom_id": "field_a1adc2a"
                                    },
                                    {
                                        "custom_id": "message",
                                        "field_type": "textarea",
                                        "placeholder": "Комментарий",
                                        "_id": "fe9c388",
                                        "required": "true"
                                    },
                                    {
                                        "_id": "12613f7",
                                        "field_type": "checkbox",
                                        "field_options": "Даю согласие на обработку персональных данных согласно политике конфиденциальности сайта",
                                        "custom_id": "field_12613f7"
                                    }
                                ],
                                "input_size": "md",
                                "button_size": "md",
                                "button_width": "30",
                                "step_next_label": "Next",
                                "step_previous_label": "Previous",
                                "button_text": "Отправить",
                                "email_content": "[all-fields]",
                                "email_content_2": "[all-fields]",
                                "success_message": "Your submission was successful.",
                                "error_message": "Your submission failed because of an error.",
                                "server_message": "Your submission failed because of a server error.",
                                "invalid_message": "Your submission failed because the form is invalid.",
                                "required_field_message": "This field is required.",
                                "label_typography_typography": "custom",
                                "label_typography_font_family": "Roboto",
                                "label_typography_font_size": {
                                    "unit": "px",
                                    "size": 16,
                                    "sizes": []
                                },
                                "label_typography_font_weight": "400",
                                "field_text_color": "#000000",
                                "field_typography_typography": "custom",
                                "field_typography_font_family": "Arial",
                                "field_typography_font_size": {
                                    "unit": "px",
                                    "size": 16,
                                    "sizes": []
                                },
                                "field_typography_font_weight": "400",
                                "button_typography_typography": "custom",
                                "button_typography_font_family": "Arial",
                                "button_typography_font_size": {
                                    "unit": "px",
                                    "size": 16,
                                    "sizes": []
                                },
                                "button_typography_font_weight": "500",
                                "button_background_color": "#174783",
                                "previous_button_background_color": "#174783",
                                "button_background_hover_color": "#FF5F2E"
                            },
                            "elements": [],
                            "isInner": false,
                            "widgetType": "form",
                            "elType": "widget"
                        }
                    ],
                    "isInner": true,
                    "elType": "container"
                }
            ],
            "isInner": false,
            "elType": "container"
        }
    ],
    "page_settings": [],
    "version": "0.4",
    "title": "d35-3m",
    "type": "single-post"
}