{
    "content": [
        {
            "id": "25c89ff6",
            "settings": {
                "flex_direction": "row",
                "flex_gap": {
                    "unit": "px",
                    "size": 30,
                    "column": "030",
                    "row": "030",
                    "isLinked": true
                },
                "padding": {
                    "unit": "px",
                    "top": "100",
                    "right": "0",
                    "bottom": "0",
                    "left": "0",
                    "isLinked": false
                }
            },
            "elements": [
                {
                    "id": "6df57dd",
                    "settings": {
                        "flex_direction": "column",
                        "content_width": "full",
                        "width": {
                            "unit": "%",
                            "size": "50"
                        },
                        "padding": {
                            "unit": "px",
                            "top": "0",
                            "right": "0",
                            "bottom": "0",
                            "left": "0",
                            "isLinked": true
                        }
                    },
                    "elements": [
                        {
                            "id": "213f75cd",
                            "settings": {
                                "image": {
                                    "url": "https://static.tildacdn.com/tild6634-6431-4536-b437-336135356666/45.jpg",
                                    "id": 100,
                                    "size": "",
                                    "alt": "",
                                    "source": "library"
                                },
                                "image_size": "full"
                            },
                            "elements": [],
                            "isInner": false,
                            "widgetType": "image",
                            "elType": "widget"
                        }
                    ],
                    "isInner": true,
                    "elType": "container"
                },
                {
                    "id": "2aad71bc",
                    "settings": {
                        "flex_direction": "column",
                        "content_width": "full",
                        "width": {
                            "unit": "%",
                            "size": "50"
                        },
                        "flex_justify_content": "center",
                        "padding": {
                            "unit": "px",
                            "top": "0",
                            "right": "0",
                            "bottom": "0",
                            "left": "0",
                            "isLinked": true
                        }
                    },
                    "elements": [
                        {
                            "id": "641b31c3",
                            "settings": {
                                "title": "Дизельный вилочный погрузчик TRF D380 (CPCD380) ",
                                "title_color": "#000000",
                                "typography_typography": "custom",
                                "typography_font_family": "Arial",
                                "typography_font_size": {
                                    "unit": "px",
                                    "size": 40,
                                    "sizes": []
                                },
                                "typography_font_weight": "600",
                                "typography_font_size_mobile": {
                                    "unit": "px",
                                    "size": 30,
                                    "sizes": []
                                }
                            },
                            "elements": [],
                            "isInner": false,
                            "widgetType": "heading",
                            "elType": "widget"
                        },
                        {
                            "id": "67c9889b",
                            "settings": {
                                "text": "Получить КП",
                                "typography_typography": "custom",
                                "typography_font_family": "Roboto",
                                "typography_font_size": {
                                    "unit": "px",
                                    "size": 18,
                                    "sizes": []
                                },
                                "typography_font_weight": "500",
                                "background_color": "#FF5F2E",
                                "align_mobile": "center"
                            },
                            "elements": [],
                            "isInner": false,
                            "widgetType": "button",
                            "elType": "widget"
                        },
                        {
                            "id": "66927af7",
                            "settings": {
                                "editor": "Грузоподъемность — 38 тонн<br/>Высота подъема — до 8 м<br/>Тип двигателя — дизельный<br/><br/>Бесплатная доставка до вашего склада<br/>Гарантия — 1 год или 1000 моточасов<br/><br/>",
                                "text_color": "#000000",
                                "typography_typography": "custom",
                                "typography_font_family": "Arial",
                                "typography_font_size": {
                                    "unit": "px",
                                    "size": 16,
                                    "sizes": []
                                },
                                "typography_font_weight": "400"
                            },
                            "elements": [],
                            "isInner": false,
                            "widgetType": "text-editor",
                            "elType": "widget"
                        }
                    ],
                    "isInner": true,
                    "elType": "container"
                }
            ],
            "isInner": false,
            "elType": "container"
        },
        {
            "id": "7d762a77",
            "settings": {
                "flex_direction": "row",
                "flex_gap": {
                    "unit": "px",
                    "size": 0,
                    "column": "0",
                    "row": "0"
                },
                "padding": {
                    "unit": "px",
                    "top": "0100",
                    "right": "0",
                    "bottom": "0",
                    "left": "0",
                    "isLinked": false
                }
            },
            "elements": [
                {
                    "id": "783f6b3c",
                    "settings": {
                        "flex_direction": "column",
                        "content_width": "full",
                        "width": {
                            "unit": "%",
                            "size": 100
                        },
                        "padding": {
                            "unit": "px",
                            "top": "0",
                            "right": "0",
                            "bottom": "0",
                            "left": "0",
                            "isLinked": true
                        }
                    },
                    "elements": [
                        {
                            "id": "32d8542a",
                            "settings": {
                                "image": {
                                    "url": "https://static.tildacdn.com/tild3638-3732-4337-b262-396565643830/photo.jpg",
                                    "id": 57,
                                    "size": "",
                                    "alt": "",
                                    "source": "library"
                                },
                                "image_size": "full"
                            },
                            "elements": [],
                            "isInner": false,
                            "widgetType": "image",
                            "elType": "widget"
                        }
                    ],
                    "isInner": true,
                    "elType": "container"
                }
            ],
            "isInner": false,
            "elType": "container"
        },
        {
            "id": "f257045",
            "settings": {
                "flex_direction": "column",
                "padding": {
                    "unit": "px",
                    "top": "0100",
                    "right": "0",
                    "bottom": "0",
                    "left": "0",
                    "isLinked": false
                }
            },
            "elements": [
                {
                    "id": "68f7a88c",
                    "settings": {
                        "title": "Общие характеристики\n",
                        "title_color": "#000000",
                        "typography_typography": "custom",
                        "typography_font_family": "Arial",
                        "typography_font_size": {
                            "unit": "px",
                            "size": 30,
                            "sizes": []
                        },
                        "typography_font_weight": "600",
                        "typography_font_size_mobile": {
                            "unit": "px",
                            "size": 25,
                            "sizes": []
                        }
                    },
                    "elements": [],
                    "isInner": false,
                    "widgetType": "heading",
                    "elType": "widget"
                }
            ],
            "isInner": false,
            "elType": "container"
        },
        {
            "id": "600800fd",
            "settings": {
                "flex_direction": "column"
            },
            "elements": [
                {
                    "id": "66a6d145",
                    "settings": {
                        "table_header": [
                            {
                                "text": "<i>ХАРАКТЕРИСТИКИ</i>",
                                "_id": "3176835",
                                "advance": "yes",
                                "colspannumber": ""
                            },
                            {
                                "text": "",
                                "_id": "fb6d4cd"
                            },
                            {
                                "text": "<b>Модель </b>",
                                "_id": "fc5afc9"
                            },
                            {
                                "text": "CPCD380",
                                "advance": "yes",
                                "_id": "73d53a3"
                            }
                        ],
                        "table_body": [
                            {
                                "text": "<b>Общая масса, кг</b>",
                                "_id": "ade71ec"
                            },
                            {
                                "text": "51600",
                                "_id": "c77dc52"
                            },
                            {
                                "text": "<b>Максимальная скорость подъема (с грузом/без груза), мм/с</b>",
                                "_id": "4cf0653"
                            },
                            {
                                "text": "280/340",
                                "_id": "2bef454"
                            },
                            {
                                "_id": "7c3ef68",
                                "row": "yes",
                                "text": "<b>Максимальная скорость (с грузом/без груза), км/ч</b>"
                            },
                            {
                                "_id": "c9e7a65",
                                "text": "23/26"
                            },
                            {
                                "_id": "ab7ff83",
                                "text": "<b>Преодолеваемый уклон (с грузом), %</b>"
                            },
                            {
                                "_id": "41d7984",
                                "text": "36,6"
                            },
                            {
                                "_id": "bfa12ca",
                                "row": "yes",
                                "text": "<b>Шум в кабине, dB</b>"
                            },
                            {
                                "_id": "a6a8deb",
                                "text": "76"
                            },
                            {
                                "_id": "1808a40",
                                "text": "<i>ГАБАРИТНЫЕ РАЗМЕРЫ</i>"
                            },
                            {
                                "_id": "473d47f",
                                "text": ""
                            },
                            {
                                "_id": "0e1bc2a",
                                "row": "yes",
                                "text": "<b>Общая длина </b>"
                            },
                            {
                                "_id": "d2aec53",
                                "text": "9870"
                            },
                            {
                                "_id": "0f6825a",
                                "text": "<b>Общая ширина, мм</b>"
                            },
                            {
                                "_id": "ec6e3e6",
                                "text": "4120"
                            },
                            {
                                "_id": "843f4ec",
                                "row": "yes",
                                "text": "<b>Общая высота, мм</b>"
                            },
                            {
                                "_id": "17cc90f",
                                "text": "4600"
                            },
                            {
                                "_id": "a01dc66",
                                "text": "<b>Центр тяжести, мм</b>"
                            },
                            {
                                "_id": "89c9267",
                                "text": "1200"
                            },
                            {
                                "_id": "1c029e6",
                                "row": "yes",
                                "text": "<b>Колесная база, мм</b>"
                            },
                            {
                                "_id": "49e8691",
                                "text": "5000"
                            },
                            {
                                "_id": "5a466a3",
                                "text": "<b>Передний свес, мм</b>"
                            },
                            {
                                "_id": "51b9888",
                                "text": "1270"
                            },
                            {
                                "_id": "c7d9679",
                                "row": "yes",
                                "text": "<b>Задний свес, мм</b>"
                            },
                            {
                                "_id": "0807cd3",
                                "text": "1160"
                            },
                            {
                                "_id": "725a0f7",
                                "text": "<b>Дорожный просвет (под рамой), мм</b>"
                            },
                            {
                                "_id": "0b0548e",
                                "text": "350"
                            },
                            {
                                "_id": "276b2ab",
                                "row": "yes",
                                "text": "<b>Высота до сиденья, мм</b>"
                            },
                            {
                                "_id": "bf4b6f2",
                                "text": "2590"
                            },
                            {
                                "_id": "614287f",
                                "text": "<b>Радиус поворота, мм</b>"
                            },
                            {
                                "_id": "ce07702",
                                "text": "936"
                            },
                            {
                                "_id": "2239271",
                                "row": "yes",
                                "text": "<b>Радиус поворота (наружный), мм</b>"
                            },
                            {
                                "_id": "fcd3be2",
                                "text": "6950"
                            },
                            {
                                "_id": "0315c5b",
                                "text": "<b>Передняя колея, мм</b>"
                            },
                            {
                                "_id": "c7d30e7",
                                "text": "3090"
                            },
                            {
                                "_id": "205c57c",
                                "row": "yes",
                                "text": "<b>Задняя колея, мм</b>"
                            },
                            {
                                "_id": "5f2e897",
                                "text": "2840"
                            },
                            {
                                "_id": "117de8d",
                                "text": "<b>Высота мачты (сложенная/выдвинутая), мм</b>"
                            },
                            {
                                "_id": "f169717",
                                "text": "4600/6600"
                            },
                            {
                                "_id": "af4fdc9",
                                "row": "yes",
                                "text": "<b>Высота подъема мачты, мм</b>"
                            },
                            {
                                "_id": "8be58da",
                                "text": "4000"
                            },
                            {
                                "_id": "3ee2983",
                                "text": "<b>Угол наклона мачты (вперед/назад), α/β</b>"
                            },
                            {
                                "_id": "dc0d0cd",
                                "text": "6/10"
                            },
                            {
                                "_id": "69d2751",
                                "row": "yes",
                                "text": "<b>Размер вилл (длина * ширина * толщина), мм</b>"
                            },
                            {
                                "_id": "f5a0728",
                                "text": "2440x300x145"
                            },
                            {
                                "_id": "a48e227",
                                "text": "<b>Диапазон регулировки вилл (наружний), мм</b>"
                            },
                            {
                                "_id": "9ba4959",
                                "text": "1250-2850"
                            },
                            {
                                "_id": "bb4d690",
                                "row": "yes",
                                "text": "<i>ДВИГАТЕЛЬ</i>"
                            },
                            {
                                "_id": "6ebf5c9",
                                "text": "VOLVO"
                            },
                            {
                                "_id": "f97ed85",
                                "text": "<b>Модель</b>"
                            },
                            {
                                "_id": "440825a",
                                "text": "TAD1151VE"
                            },
                            {
                                "_id": "1ffe1f4",
                                "row": "yes",
                                "text": "<b>Номинальная мощность (кВт/об/мин)</b>"
                            },
                            {
                                "_id": "b8e305c",
                                "text": "265/2100"
                            },
                            {
                                "_id": "7a878fb",
                                "text": "<b>Максимальная скорость (Нм/ОБ/мин)</b>"
                            },
                            {
                                "_id": "88291a9",
                                "text": "1785/1316"
                            },
                            {
                                "_id": "822faee",
                                "row": "yes",
                                "text": "<b>Стандарты выбросов</b>"
                            },
                            {
                                "_id": "3937226",
                                "text": "EU Stage III"
                            },
                            {
                                "_id": "72bd659",
                                "text": "<b>Количество цилиндров</b>"
                            },
                            {
                                "_id": "4136a21",
                                "text": "6"
                            },
                            {
                                "_id": "1ef96a5",
                                "row": "yes",
                                "text": "<b>Объем</b>"
                            },
                            {
                                "_id": "cff8d52",
                                "text": "10,8"
                            },
                            {
                                "_id": "1776f98",
                                "text": "<b>Масса</b>"
                            },
                            {
                                "_id": "9da7b88",
                                "text": "1041 кг"
                            },
                            {
                                "_id": "1cbcb72",
                                "row": "yes",
                                "text": "<b>Тип охлаждения</b>"
                            },
                            {
                                "_id": "6502d9c",
                                "text": "W"
                            }
                        ],
                        "table_padding": {
                            "unit": "px",
                            "top": "1",
                            "right": "1",
                            "bottom": "1",
                            "left": "1",
                            "isLinked": true
                        },
                        "table_border_border": "solid",
                        "table_border_width": {
                            "unit": "px",
                            "top": "0",
                            "right": "5",
                            "bottom": "0",
                            "left": "5",
                            "isLinked": false
                        },
                        "table_border_color": "#FFFFFF",
                        "header_text_color": "#000000",
                        "header_bg_color": "#E5EEFF",
                        "body_align": "left",
                        "body_typography_typography": "custom",
                        "body_typography_font_family": "Arial",
                        "body_typography_font_size": {
                            "unit": "px",
                            "size": 16,
                            "sizes": []
                        },
                        "body_typography_font_weight": "600",
                        "body_bg_color": "#FFFFFF00",
                        "striped_bg": "yes",
                        "striped_bg_color": "#E5EEFF",
                        "header_typography_typography": "custom",
                        "body_typography_font_size_mobile": {
                            "unit": "px",
                            "size": 13,
                            "sizes": []
                        }
                    },
                    "elements": [],
                    "isInner": false,
                    "widgetType": "Table",
                    "elType": "widget"
                }
            ],
            "isInner": false,
            "elType": "container"
        },
        {
            "id": "43cae2a0",
            "settings": {
                "flex_direction": "column",
                "padding": {
                    "unit": "px",
                    "top": "0100",
                    "right": "0",
                    "bottom": "0",
                    "left": "0",
                    "isLinked": false
                }
            },
            "elements": [
                {
                    "id": "26bebe76",
                    "settings": {
                        "image": {
                            "url": "https://static.tildacdn.com/tild6636-3439-4737-b239-613164306336/41_.jpg",
                            "id": 65,
                            "size": "",
                            "alt": "",
                            "source": "library"
                        },
                        "image_size": "full"
                    },
                    "elements": [],
                    "isInner": false,
                    "widgetType": "image",
                    "elType": "widget"
                }
            ],
            "isInner": false,
            "elType": "container"
        },
        {
            "id": "335b8c70",
            "settings": {
                "flex_direction": "row",
                "flex_gap": {
                    "unit": "px",
                    "size": 0,
                    "column": "0",
                    "row": "0"
                },
                "padding": {
                    "unit": "px",
                    "top": "0100",
                    "right": "0",
                    "bottom": "0",
                    "left": "0",
                    "isLinked": false
                }
            },
            "elements": [
                {
                    "id": "366ee82e",
                    "settings": {
                        "flex_direction": "column",
                        "content_width": "full",
                        "width": {
                            "unit": "%",
                            "size": "50"
                        }
                    },
                    "elements": [
                        {
                            "id": "10566a14",
                            "settings": {
                                "title": "Стандартное оснащение\n",
                                "title_color": "#000000",
                                "typography_typography": "custom",
                                "typography_font_family": "Arial",
                                "typography_font_size": {
                                    "unit": "px",
                                    "size": 30,
                                    "sizes": []
                                },
                                "typography_font_weight": "600",
                                "typography_font_size_mobile": {
                                    "unit": "px",
                                    "size": 25,
                                    "sizes": []
                                }
                            },
                            "elements": [],
                            "isInner": false,
                            "widgetType": "heading",
                            "elType": "widget"
                        },
                        {
                            "id": "1e8cb13f",
                            "settings": {
                                "text": "Разделитель",
                                "weight": {
                                    "unit": "px",
                                    "size": 3,
                                    "sizes": []
                                }
                            },
                            "elements": [],
                            "isInner": false,
                            "widgetType": "divider",
                            "elType": "widget"
                        },
                        {
                            "id": "78f4f37",
                            "settings": {
                                "editor": "<p style=\"text-align: left;\">Перенастройка энергосистемы. Повторное расположение системы охлаждения Без воздушного канала на балансире</p>",
                                "text_color": "#000000",
                                "typography_typography": "custom",
                                "typography_font_family": "Roboto",
                                "typography_font_size": {
                                    "unit": "px",
                                    "size": 16,
                                    "sizes": []
                                },
                                "typography_font_weight": "400",
                                "typography_font_size_mobile": {
                                    "unit": "px",
                                    "size": 13,
                                    "sizes": []
                                }
                            },
                            "elements": [],
                            "isInner": false,
                            "widgetType": "text-editor",
                            "elType": "widget"
                        }
                    ],
                    "isInner": true,
                    "elType": "container"
                },
                {
                    "id": "3ce790c2",
                    "settings": {
                        "flex_direction": "column",
                        "content_width": "full",
                        "width": {
                            "unit": "%",
                            "size": "50"
                        }
                    },
                    "elements": [
                        {
                            "id": "26f581ea",
                            "settings": {
                                "title": "Опциональное оснащение\n",
                                "title_color": "#000000",
                                "typography_typography": "custom",
                                "typography_font_family": "Arial",
                                "typography_font_size": {
                                    "unit": "px",
                                    "size": 30,
                                    "sizes": []
                                },
                                "typography_font_weight": "600",
                                "typography_font_size_mobile": {
                                    "unit": "px",
                                    "size": 25,
                                    "sizes": []
                                }
                            },
                            "elements": [],
                            "isInner": false,
                            "widgetType": "heading",
                            "elType": "widget"
                        },
                        {
                            "id": "5f373dbb",
                            "settings": {
                                "text": "Разделитель",
                                "weight": {
                                    "unit": "px",
                                    "size": 3,
                                    "sizes": []
                                }
                            },
                            "elements": [],
                            "isInner": false,
                            "widgetType": "divider",
                            "elType": "widget"
                        },
                        {
                            "id": "614682ee",
                            "settings": {
                                "editor": "<p style=\"text-align: left;\">Перенос центра тяжести на более компактную конструкцию мачты</p>",
                                "text_color": "#000000",
                                "typography_typography": "custom",
                                "typography_font_family": "Roboto",
                                "typography_font_size": {
                                    "unit": "px",
                                    "size": 16,
                                    "sizes": []
                                },
                                "typography_font_weight": "400",
                                "typography_font_size_mobile": {
                                    "unit": "px",
                                    "size": 13,
                                    "sizes": []
                                }
                            },
                            "elements": [],
                            "isInner": false,
                            "widgetType": "text-editor",
                            "elType": "widget"
                        }
                    ],
                    "isInner": true,
                    "elType": "container"
                }
            ],
            "isInner": false,
            "elType": "container"
        },
        {
            "id": "26caf23c",
            "settings": {
                "flex_direction": "column",
                "flex_align_items": "center",
                "margin": {
                    "unit": "px",
                    "top": "0100",
                    "right": "0",
                    "bottom": "0",
                    "left": "0",
                    "isLinked": false
                }
            },
            "elements": [
                {
                    "id": "7b7a09fb",
                    "settings": {
                        "content_width": "full",
                        "width": {
                            "unit": "%",
                            "size": 70,
                            "sizes": []
                        },
                        "background_background": "classic",
                        "background_color": "#174783",
                        "border_radius": {
                            "unit": "px",
                            "top": "5",
                            "right": "5",
                            "bottom": "5",
                            "left": "5",
                            "isLinked": true
                        },
                        "padding": {
                            "unit": "px",
                            "top": "050",
                            "right": "050",
                            "bottom": "050",
                            "left": "050",
                            "isLinked": true
                        },
                        "padding_mobile": {
                            "unit": "px",
                            "top": "20",
                            "right": "20",
                            "bottom": "20",
                            "left": "20",
                            "isLinked": true
                        }
                    },
                    "elements": [
                        {
                            "id": "1d5344dc",
                            "settings": {
                                "editor": "<p>Бесплатно доставим в любую точку России<br /><br />Осуществляем доставку одним из способов:</p><ul><li>Автомобильными путями</li><li>Железнодорожными путями</li></ul><p>Скорость доставки зависит от логистической доступности и оптимальности перевозки. Сохранность и целостность груза обеспечивается ограниченным кругом проверенных и надежных перевозчиков, чья ответственность юридически оформлена.</p>",
                                "text_color": "#FFFFFF",
                                "typography_typography": "custom",
                                "typography_font_family": "Roboto",
                                "typography_font_size": {
                                    "unit": "px",
                                    "size": 16,
                                    "sizes": []
                                },
                                "typography_font_weight": "400",
                                "typography_font_size_mobile": {
                                    "unit": "px",
                                    "size": 13,
                                    "sizes": []
                                }
                            },
                            "elements": [],
                            "isInner": false,
                            "widgetType": "text-editor",
                            "elType": "widget"
                        }
                    ],
                    "isInner": true,
                    "elType": "container"
                }
            ],
            "isInner": false,
            "elType": "container"
        },
        {
            "id": "5c269178",
            "settings": {
                "flex_direction": "row",
                "flex_gap": {
                    "unit": "px",
                    "size": 0,
                    "column": "0",
                    "row": "0"
                },
                "padding": {
                    "unit": "px",
                    "top": "100",
                    "right": "0",
                    "bottom": "100",
                    "left": "0",
                    "isLinked": false
                }
            },
            "elements": [
                {
                    "id": "384b3e37",
                    "settings": {
                        "flex_direction": "column",
                        "content_width": "full",
                        "width": {
                            "unit": "%",
                            "size": "50"
                        }
                    },
                    "elements": [
                        {
                            "id": "41df78c",
                            "settings": {
                                "title": "Оставьте заявку\n",
                                "align": "left",
                                "title_color": "#000000",
                                "typography_typography": "custom",
                                "typography_font_family": "Arial",
                                "typography_font_size": {
                                    "unit": "px",
                                    "size": 40,
                                    "sizes": []
                                },
                                "typography_font_weight": "600",
                                "typography_font_size_mobile": {
                                    "unit": "px",
                                    "size": 25,
                                    "sizes": []
                                }
                            },
                            "elements": [],
                            "isInner": false,
                            "widgetType": "heading",
                            "elType": "widget"
                        },
                        {
                            "id": "3280313e",
                            "settings": {
                                "editor": "<p>Мы свяжемся с вами в ближайшее время и проконсультируем.</p>",
                                "text_color": "#000000",
                                "typography_typography": "custom",
                                "typography_font_family": "Arial",
                                "typography_font_size": {
                                    "unit": "px",
                                    "size": 20,
                                    "sizes": []
                                },
                                "typography_font_weight": "400",
                                "typography_font_size_mobile": {
                                    "unit": "px",
                                    "size": 16,
                                    "sizes": []
                                }
                            },
                            "elements": [],
                            "isInner": false,
                            "widgetType": "text-editor",
                            "elType": "widget"
                        }
                    ],
                    "isInner": true,
                    "elType": "container"
                },
                {
                    "id": "287de7b6",
                    "settings": {
                        "flex_direction": "column",
                        "content_width": "full",
                        "width": {
                            "unit": "%",
                            "size": "50"
                        }
                    },
                    "elements": [
                        {
                            "id": "739242da",
                            "settings": {
                                "form_name": "New Form",
                                "form_fields": [
                                    {
                                        "custom_id": "name",
                                        "placeholder": "Имя",
                                        "dynamic": {
                                            "active": true
                                        },
                                        "_id": "7bb8794",
                                        "required": "true"
                                    },
                                    {
                                        "_id": "0e9e1e6",
                                        "field_type": "tel",
                                        "placeholder": "+7 (999) 999-99-99",
                                        "required": "true",
                                        "custom_id": "field_0e9e1e6"
                                    },
                                    {
                                        "_id": "a1adc2a",
                                        "field_type": "email",
                                        "placeholder": "Email",
                                        "custom_id": "field_a1adc2a"
                                    },
                                    {
                                        "custom_id": "message",
                                        "field_type": "textarea",
                                        "placeholder": "Комментарий",
                                        "_id": "fe9c388",
                                        "required": "true"
                                    },
                                    {
                                        "_id": "12613f7",
                                        "field_type": "checkbox",
                                        "field_options": "Даю согласие на обработку персональных данных согласно политике конфиденциальности сайта",
                                        "custom_id": "field_12613f7"
                                    }
                                ],
                                "input_size": "md",
                                "button_size": "md",
                                "button_width": "30",
                                "step_next_label": "Next",
                                "step_previous_label": "Previous",
                                "button_text": "Отправить",
                                "email_content": "[all-fields]",
                                "email_content_2": "[all-fields]",
                                "success_message": "Your submission was successful.",
                                "error_message": "Your submission failed because of an error.",
                                "server_message": "Your submission failed because of a server error.",
                                "invalid_message": "Your submission failed because the form is invalid.",
                                "required_field_message": "This field is required.",
                                "label_typography_typography": "custom",
                                "label_typography_font_family": "Roboto",
                                "label_typography_font_size": {
                                    "unit": "px",
                                    "size": 16,
                                    "sizes": []
                                },
                                "label_typography_font_weight": "400",
                                "field_text_color": "#000000",
                                "field_typography_typography": "custom",
                                "field_typography_font_family": "Arial",
                                "field_typography_font_size": {
                                    "unit": "px",
                                    "size": 16,
                                    "sizes": []
                                },
                                "field_typography_font_weight": "400",
                                "button_typography_typography": "custom",
                                "button_typography_font_family": "Arial",
                                "button_typography_font_size": {
                                    "unit": "px",
                                    "size": 16,
                                    "sizes": []
                                },
                                "button_typography_font_weight": "500",
                                "button_background_color": "#174783",
                                "previous_button_background_color": "#174783",
                                "button_background_hover_color": "#FF5F2E"
                            },
                            "elements": [],
                            "isInner": false,
                            "widgetType": "form",
                            "elType": "widget"
                        }
                    ],
                    "isInner": true,
                    "elType": "container"
                }
            ],
            "isInner": false,
            "elType": "container"
        }
    ],
    "page_settings": [],
    "version": "0.4",
    "title": "d380",
    "type": "single-post"
}