{
    "content": [
        {
            "id": "25c89ff6",
            "settings": {
                "flex_direction": "row",
                "flex_gap": {
                    "unit": "px",
                    "size": 30,
                    "column": "030",
                    "row": "030",
                    "isLinked": true
                },
                "padding": {
                    "unit": "px",
                    "top": "100",
                    "right": "0",
                    "bottom": "0",
                    "left": "0",
                    "isLinked": false
                }
            },
            "elements": [
                {
                    "id": "6df57dd",
                    "settings": {
                        "flex_direction": "column",
                        "content_width": "full",
                        "width": {
                            "unit": "%",
                            "size": "50"
                        },
                        "padding": {
                            "unit": "px",
                            "top": "0",
                            "right": "0",
                            "bottom": "0",
                            "left": "0",
                            "isLinked": true
                        }
                    },
                    "elements": [
                        {
                            "id": "213f75cd",
                            "settings": {
                                "image": {
                                    "url": "https://static.tildacdn.com/tild3537-3432-4632-b330-303162393166/Dizelnyy_vilochnyywi.jpg",
                                    "id": 100,
                                    "size": "",
                                    "alt": "",
                                    "source": "library"
                                },
                                "image_size": "full"
                            },
                            "elements": [],
                            "isInner": false,
                            "widgetType": "image",
                            "elType": "widget"
                        }
                    ],
                    "isInner": true,
                    "elType": "container"
                },
                {
                    "id": "2aad71bc",
                    "settings": {
                        "flex_direction": "column",
                        "content_width": "full",
                        "width": {
                            "unit": "%",
                            "size": "50"
                        },
                        "flex_justify_content": "center",
                        "padding": {
                            "unit": "px",
                            "top": "0",
                            "right": "0",
                            "bottom": "0",
                            "left": "0",
                            "isLinked": true
                        }
                    },
                    "elements": [
                        {
                            "id": "641b31c3",
                            "settings": {
                                "title": "Дизельный вилочный погрузчик TRF D60-4Q (CPCD60) ",
                                "title_color": "#000000",
                                "typography_typography": "custom",
                                "typography_font_family": "Arial",
                                "typography_font_size": {
                                    "unit": "px",
                                    "size": 40,
                                    "sizes": []
                                },
                                "typography_font_weight": "600",
                                "typography_font_size_mobile": {
                                    "unit": "px",
                                    "size": 30,
                                    "sizes": []
                                }
                            },
                            "elements": [],
                            "isInner": false,
                            "widgetType": "heading",
                            "elType": "widget"
                        },
                        {
                            "id": "67c9889b",
                            "settings": {
                                "text": "Получить КП",
                                "typography_typography": "custom",
                                "typography_font_family": "Roboto",
                                "typography_font_size": {
                                    "unit": "px",
                                    "size": 18,
                                    "sizes": []
                                },
                                "typography_font_weight": "500",
                                "background_color": "#FF5F2E",
                                "align_mobile": "center"
                            },
                            "elements": [],
                            "isInner": false,
                            "widgetType": "button",
                            "elType": "widget"
                        },
                        {
                            "id": "66927af7",
                            "settings": {
                                "editor": "4 серия<br/><br/>Грузоподъемность — 6000 кг<br/>Высота подъема — 3000 мм<br/>Тип двигателя — дизельный<br/><br/>Бесплатная доставка до вашего склада<br/>Гарантия — 1 год или 1000 моточасов<br/><br/>",
                                "text_color": "#000000",
                                "typography_typography": "custom",
                                "typography_font_family": "Arial",
                                "typography_font_size": {
                                    "unit": "px",
                                    "size": 16,
                                    "sizes": []
                                },
                                "typography_font_weight": "400"
                            },
                            "elements": [],
                            "isInner": false,
                            "widgetType": "text-editor",
                            "elType": "widget"
                        }
                    ],
                    "isInner": true,
                    "elType": "container"
                }
            ],
            "isInner": false,
            "elType": "container"
        },
        {
            "id": "7d762a77",
            "settings": {
                "flex_direction": "row",
                "flex_gap": {
                    "unit": "px",
                    "size": 0,
                    "column": "0",
                    "row": "0"
                },
                "padding": {
                    "unit": "px",
                    "top": "0100",
                    "right": "0",
                    "bottom": "0",
                    "left": "0",
                    "isLinked": false
                }
            },
            "elements": [
                {
                    "id": "783f6b3c",
                    "settings": {
                        "flex_direction": "column",
                        "content_width": "full",
                        "width": {
                            "unit": "%",
                            "size": 100
                        },
                        "padding": {
                            "unit": "px",
                            "top": "0",
                            "right": "0",
                            "bottom": "0",
                            "left": "0",
                            "isLinked": true
                        }
                    },
                    "elements": [
                        {
                            "id": "32d8542a",
                            "settings": {
                                "image": {
                                    "url": "https://static.tildacdn.com/tild3965-3562-4463-b261-383662303962/__2023-10-06_141853.png",
                                    "id": 57,
                                    "size": "",
                                    "alt": "",
                                    "source": "library"
                                },
                                "image_size": "full"
                            },
                            "elements": [],
                            "isInner": false,
                            "widgetType": "image",
                            "elType": "widget"
                        }
                    ],
                    "isInner": true,
                    "elType": "container"
                }
            ],
            "isInner": false,
            "elType": "container"
        },
        {
            "id": "f257045",
            "settings": {
                "flex_direction": "column",
                "padding": {
                    "unit": "px",
                    "top": "0100",
                    "right": "0",
                    "bottom": "0",
                    "left": "0",
                    "isLinked": false
                }
            },
            "elements": [
                {
                    "id": "68f7a88c",
                    "settings": {
                        "title": "Общие характеристики\n",
                        "title_color": "#000000",
                        "typography_typography": "custom",
                        "typography_font_family": "Arial",
                        "typography_font_size": {
                            "unit": "px",
                            "size": 30,
                            "sizes": []
                        },
                        "typography_font_weight": "600",
                        "typography_font_size_mobile": {
                            "unit": "px",
                            "size": 25,
                            "sizes": []
                        }
                    },
                    "elements": [],
                    "isInner": false,
                    "widgetType": "heading",
                    "elType": "widget"
                }
            ],
            "isInner": false,
            "elType": "container"
        },
        {
            "id": "600800fd",
            "settings": {
                "flex_direction": "column"
            },
            "elements": [
                {
                    "id": "66a6d145",
                    "settings": {
                        "table_header": [
                            {
                                "text": "<i>ХАРАКТЕРИСТИКИ</i>",
                                "_id": "3176835",
                                "advance": "yes",
                                "colspannumber": ""
                            },
                            {
                                "text": "",
                                "_id": "fb6d4cd"
                            },
                            {
                                "text": "<b>Мин. ширина рабочего прохода для поддона 1000×1200 Ast, мм</b>",
                                "_id": "fc5afc9"
                            },
                            {
                                "text": "5280",
                                "advance": "yes",
                                "_id": "73d53a3"
                            }
                        ],
                        "table_body": [
                            {
                                "text": "<b>Грузоподъемность, кг</b>",
                                "_id": "ade71ec"
                            },
                            {
                                "text": "6000",
                                "_id": "c77dc52"
                            },
                            {
                                "text": "<b>Радиус поворота (внешний) Wa, мм</b>",
                                "_id": "4cf0653"
                            },
                            {
                                "text": "3300",
                                "_id": "2bef454"
                            },
                            {
                                "_id": "7c3ef68",
                                "row": "yes",
                                "text": "<b>Центр тяжести, мм</b>"
                            },
                            {
                                "_id": "c9e7a65",
                                "text": "600"
                            },
                            {
                                "_id": "ab7ff83",
                                "text": "<i>ЭКСПЛУАТАЦИОННЫЕ ПОКАЗАТЕЛИ</i>"
                            },
                            {
                                "_id": "41d7984",
                                "text": ""
                            },
                            {
                                "_id": "bfa12ca",
                                "row": "yes",
                                "text": "<b>Тип двигателя, </b>"
                            },
                            {
                                "_id": "a6a8deb",
                                "text": "Дизельный"
                            },
                            {
                                "_id": "1808a40",
                                "text": "<b>Макс. скорость движения (с грузом/без груза), км/ч</b>"
                            },
                            {
                                "_id": "473d47f",
                                "text": "25/29"
                            },
                            {
                                "_id": "0e1bc2a",
                                "row": "yes",
                                "text": "<b>Положение оператора, </b>"
                            },
                            {
                                "_id": "d2aec53",
                                "text": "Сидя"
                            },
                            {
                                "_id": "0f6825a",
                                "text": "<b>Макс. скорость подъема (с грузом/без груза), мм/с</b>"
                            },
                            {
                                "_id": "ec6e3e6",
                                "text": "500/530"
                            },
                            {
                                "_id": "843f4ec",
                                "row": "yes",
                                "text": "<b>Передний свес, мм</b>"
                            },
                            {
                                "_id": "17cc90f",
                                "text": "580"
                            },
                            {
                                "_id": "a01dc66",
                                "text": "<b>Макс. скорость опускания (с грузом/без груза), мм/с</b>"
                            },
                            {
                                "_id": "89c9267",
                                "text": "без груза ≥ 300 с грузом ≤ 600"
                            },
                            {
                                "_id": "1c029e6",
                                "row": "yes",
                                "text": "<b>Колесная база, мм</b>"
                            },
                            {
                                "_id": "49e8691",
                                "text": "2400"
                            },
                            {
                                "_id": "5a466a3",
                                "text": "<b>Макс. тяговое усилие (с грузом), KN</b>"
                            },
                            {
                                "_id": "51b9888",
                                "text": "60"
                            },
                            {
                                "_id": "c7d9679",
                                "row": "yes",
                                "text": "<b>Общая масса, кг</b>"
                            },
                            {
                                "_id": "0807cd3",
                                "text": "8570"
                            },
                            {
                                "_id": "725a0f7",
                                "text": "<b>Макс. преодолеваемый уклон (с грузом/без груза), %</b>"
                            },
                            {
                                "_id": "0b0548e",
                                "text": "32/20"
                            },
                            {
                                "_id": "276b2ab",
                                "row": "yes",
                                "text": "<i>ГАБАРИТНЫЕ РАЗМЕРЫ</i>"
                            },
                            {
                                "_id": "bf4b6f2",
                                "text": "0"
                            },
                            {
                                "_id": "614287f",
                                "text": "<i>ШИНЫ</i>"
                            },
                            {
                                "_id": "ce07702",
                                "text": ""
                            },
                            {
                                "_id": "2239271",
                                "row": "yes",
                                "text": "<b>Угол наклона мачты (вперед/назад) α/β, град.</b>"
                            },
                            {
                                "_id": "fcd3be2",
                                "text": "6°/12°"
                            },
                            {
                                "_id": "0315c5b",
                                "text": "<b>Кол-во колес (пер/зад) X=ведомые, </b>"
                            },
                            {
                                "_id": "c7d30e7",
                                "text": "4X/2"
                            },
                            {
                                "_id": "205c57c",
                                "row": "yes",
                                "text": "<b>Высота мачты в сложенном состоянии h1, мм</b>"
                            },
                            {
                                "_id": "5f2e897",
                                "text": "0"
                            },
                            {
                                "_id": "117de8d",
                                "text": "<b>Тип шин (пер/зад), </b>"
                            },
                            {
                                "_id": "f169717",
                                "text": "Пневматические"
                            },
                            {
                                "_id": "af4fdc9",
                                "row": "yes",
                                "text": "<b>Свободный ход мачты h2, мм</b>"
                            },
                            {
                                "_id": "8be58da",
                                "text": "160"
                            },
                            {
                                "_id": "3ee2983",
                                "text": "<b>Размер шин (передние), </b>"
                            },
                            {
                                "_id": "dc0d0cd",
                                "text": "8.25-15-14PR"
                            },
                            {
                                "_id": "69d2751",
                                "row": "yes",
                                "text": "<b>Максимальная высота подъема (стандартная мачта) h3, мм</b>"
                            },
                            {
                                "_id": "f5a0728",
                                "text": "3000"
                            },
                            {
                                "_id": "a48e227",
                                "text": "<b>Размер шин (задние), </b>"
                            },
                            {
                                "_id": "9ba4959",
                                "text": "8.25-15-14PR"
                            },
                            {
                                "_id": "bb4d690",
                                "row": "yes",
                                "text": "<b>Макс. высота подъема вил (с защитной ре- шеткой каретки) h4, мм</b>"
                            },
                            {
                                "_id": "6ebf5c9",
                                "text": "4400"
                            },
                            {
                                "_id": "f97ed85",
                                "text": "<i>ДВИГАТЕЛЬ</i>"
                            },
                            {
                                "_id": "440825a",
                                "text": ""
                            },
                            {
                                "_id": "1ffe1f4",
                                "row": "yes",
                                "text": "<b>Высота по крыше h6, мм</b>"
                            },
                            {
                                "_id": "b8e305c",
                                "text": "2450"
                            },
                            {
                                "_id": "7a878fb",
                                "text": "<b>Производитель / Модель двигателя</b>"
                            },
                            {
                                "_id": "88291a9",
                                "text": "Quanchai 4J1-115C32"
                            },
                            {
                                "_id": "822faee",
                                "row": "yes",
                                "text": "<b>Расстояние от земли до сиденья оператора h7, мм</b>"
                            },
                            {
                                "_id": "3937226",
                                "text": "1430"
                            },
                            {
                                "_id": "72bd659",
                                "text": "<b>Номинальная мощность двигателя (кВт/об*мин)</b>"
                            },
                            {
                                "_id": "4136a21",
                                "text": "85/2200"
                            },
                            {
                                "_id": "1ef96a5",
                                "row": "yes",
                                "text": "<b>Высота расположения сцепной тяги h10, мм</b>"
                            },
                            {
                                "_id": "cff8d52",
                                "text": "390"
                            },
                            {
                                "_id": "1776f98",
                                "text": "<b>Макс.крутящий момент (Н*м/об*мин)</b>"
                            },
                            {
                                "_id": "9da7b88",
                                "text": "500/1600"
                            },
                            {
                                "_id": "1cbcb72",
                                "row": "yes",
                                "text": "<b>Дорожный просвет (под мачтой) m1, мм</b>"
                            },
                            {
                                "_id": "6502d9c",
                                "text": "180"
                            },
                            {
                                "_id": "649f243",
                                "text": "<b>Кол-во цилиндров</b>"
                            },
                            {
                                "_id": "1b86f03",
                                "text": "4"
                            },
                            {
                                "_id": "b6d52f9",
                                "row": "yes",
                                "text": "<b>Высота защитного ограждения груза (замере- но с поверхности вил) h13, мм</b>"
                            },
                            {
                                "_id": "3d7fed2",
                                "text": "1350"
                            },
                            {
                                "_id": "dcdf80a",
                                "text": "<i>ДОПОЛНИТЕЛЬНАЯ ИНФОРМАЦИЯ</i>"
                            },
                            {
                                "_id": "8ca1d4d",
                                "text": ""
                            },
                            {
                                "_id": "0c0592b",
                                "row": "yes",
                                "text": "<b>Общая длинна (с вилами) L1, мм</b>"
                            },
                            {
                                "_id": "7dd61ff",
                                "text": "4850"
                            },
                            {
                                "_id": "4f38ec7",
                                "text": "<b>Тип трансмиссии, </b>"
                            },
                            {
                                "_id": "f5f20f8",
                                "text": "Гидравлическая - механическое переключение"
                            },
                            {
                                "_id": "3c37a90",
                                "row": "yes",
                                "text": "<b>Общая длинна (без вилами) L2, мм</b>"
                            },
                            {
                                "_id": "ce299e0",
                                "text": "3630"
                            },
                            {
                                "_id": "3fb9799",
                                "text": "<b>Количество передач (вперед/назад), </b>"
                            },
                            {
                                "_id": "4540cf6",
                                "text": "2/2"
                            },
                            {
                                "_id": "6313523",
                                "row": "yes",
                                "text": "<b>Общая ширина b1, мм</b>"
                            },
                            {
                                "_id": "9517776",
                                "text": "2044"
                            },
                            {
                                "_id": "af0bccb",
                                "text": "<b>Рабочий тормоз, </b>"
                            },
                            {
                                "_id": "4fbe08e",
                                "text": "Ножная педаль с гидроприводом"
                            },
                            {
                                "_id": "06fd8dc",
                                "row": "yes",
                                "text": "<b>Регулируемое расстояние между вилами (по внешнему краю) b5, мм</b>"
                            },
                            {
                                "_id": "3dd6e17",
                                "text": "300-1845"
                            },
                            {
                                "_id": "0bf788f",
                                "text": "<b>Стояночный тормоз, </b>"
                            },
                            {
                                "_id": "36aa660",
                                "text": "Механический ручной тормоз"
                            },
                            {
                                "_id": "8748b97",
                                "row": "yes",
                                "text": "<b>Размер вил s/e/l, мм</b>"
                            },
                            {
                                "_id": "9f58645",
                                "text": "60x150x1220"
                            },
                            {
                                "_id": "6d4fb6e",
                                "text": "<b>Рабочее давление гидравлической системы, mPa</b>"
                            },
                            {
                                "_id": "acfff0b",
                                "text": "20,5"
                            },
                            {
                                "_id": "6b77cd5",
                                "row": "yes",
                                "text": "<b>Ширина колеи (передние колеса) b10, мм</b>"
                            },
                            {
                                "_id": "a99f1ad",
                                "text": "1520"
                            },
                            {
                                "_id": "7afdcf7",
                                "text": "<b>Напряжение/Емкость аккумулятора, V/Ah</b>"
                            },
                            {
                                "_id": "ffa9b85",
                                "text": "2X12/80"
                            }
                        ],
                        "table_padding": {
                            "unit": "px",
                            "top": "1",
                            "right": "1",
                            "bottom": "1",
                            "left": "1",
                            "isLinked": true
                        },
                        "table_border_border": "solid",
                        "table_border_width": {
                            "unit": "px",
                            "top": "0",
                            "right": "5",
                            "bottom": "0",
                            "left": "5",
                            "isLinked": false
                        },
                        "table_border_color": "#FFFFFF",
                        "header_text_color": "#000000",
                        "header_bg_color": "#E5EEFF",
                        "body_align": "left",
                        "body_typography_typography": "custom",
                        "body_typography_font_family": "Arial",
                        "body_typography_font_size": {
                            "unit": "px",
                            "size": 16,
                            "sizes": []
                        },
                        "body_typography_font_weight": "600",
                        "body_bg_color": "#FFFFFF00",
                        "striped_bg": "yes",
                        "striped_bg_color": "#E5EEFF",
                        "header_typography_typography": "custom",
                        "body_typography_font_size_mobile": {
                            "unit": "px",
                            "size": 13,
                            "sizes": []
                        }
                    },
                    "elements": [],
                    "isInner": false,
                    "widgetType": "Table",
                    "elType": "widget"
                }
            ],
            "isInner": false,
            "elType": "container"
        },
        {
            "id": "26caf23c",
            "settings": {
                "flex_direction": "column",
                "flex_align_items": "center",
                "margin": {
                    "unit": "px",
                    "top": "0100",
                    "right": "0",
                    "bottom": "0",
                    "left": "0",
                    "isLinked": false
                }
            },
            "elements": [
                {
                    "id": "7b7a09fb",
                    "settings": {
                        "content_width": "full",
                        "width": {
                            "unit": "%",
                            "size": 70,
                            "sizes": []
                        },
                        "background_background": "classic",
                        "background_color": "#174783",
                        "border_radius": {
                            "unit": "px",
                            "top": "5",
                            "right": "5",
                            "bottom": "5",
                            "left": "5",
                            "isLinked": true
                        },
                        "padding": {
                            "unit": "px",
                            "top": "050",
                            "right": "050",
                            "bottom": "050",
                            "left": "050",
                            "isLinked": true
                        },
                        "padding_mobile": {
                            "unit": "px",
                            "top": "20",
                            "right": "20",
                            "bottom": "20",
                            "left": "20",
                            "isLinked": true
                        }
                    },
                    "elements": [
                        {
                            "id": "1d5344dc",
                            "settings": {
                                "editor": "<p>Бесплатно доставим в любую точку России<br /><br />Осуществляем доставку одним из способов:</p><ul><li>Автомобильными путями</li><li>Железнодорожными путями</li></ul><p>Скорость доставки зависит от логистической доступности и оптимальности перевозки. Сохранность и целостность груза обеспечивается ограниченным кругом проверенных и надежных перевозчиков, чья ответственность юридически оформлена.</p>",
                                "text_color": "#FFFFFF",
                                "typography_typography": "custom",
                                "typography_font_family": "Roboto",
                                "typography_font_size": {
                                    "unit": "px",
                                    "size": 16,
                                    "sizes": []
                                },
                                "typography_font_weight": "400",
                                "typography_font_size_mobile": {
                                    "unit": "px",
                                    "size": 13,
                                    "sizes": []
                                }
                            },
                            "elements": [],
                            "isInner": false,
                            "widgetType": "text-editor",
                            "elType": "widget"
                        }
                    ],
                    "isInner": true,
                    "elType": "container"
                }
            ],
            "isInner": false,
            "elType": "container"
        },
        {
            "id": "5c269178",
            "settings": {
                "flex_direction": "row",
                "flex_gap": {
                    "unit": "px",
                    "size": 0,
                    "column": "0",
                    "row": "0"
                },
                "padding": {
                    "unit": "px",
                    "top": "100",
                    "right": "0",
                    "bottom": "100",
                    "left": "0",
                    "isLinked": false
                }
            },
            "elements": [
                {
                    "id": "384b3e37",
                    "settings": {
                        "flex_direction": "column",
                        "content_width": "full",
                        "width": {
                            "unit": "%",
                            "size": "50"
                        }
                    },
                    "elements": [
                        {
                            "id": "41df78c",
                            "settings": {
                                "title": "Оставьте заявку\n",
                                "align": "left",
                                "title_color": "#000000",
                                "typography_typography": "custom",
                                "typography_font_family": "Arial",
                                "typography_font_size": {
                                    "unit": "px",
                                    "size": 40,
                                    "sizes": []
                                },
                                "typography_font_weight": "600",
                                "typography_font_size_mobile": {
                                    "unit": "px",
                                    "size": 25,
                                    "sizes": []
                                }
                            },
                            "elements": [],
                            "isInner": false,
                            "widgetType": "heading",
                            "elType": "widget"
                        },
                        {
                            "id": "3280313e",
                            "settings": {
                                "editor": "<p>Мы свяжемся с вами в ближайшее время и проконсультируем.</p>",
                                "text_color": "#000000",
                                "typography_typography": "custom",
                                "typography_font_family": "Arial",
                                "typography_font_size": {
                                    "unit": "px",
                                    "size": 20,
                                    "sizes": []
                                },
                                "typography_font_weight": "400",
                                "typography_font_size_mobile": {
                                    "unit": "px",
                                    "size": 16,
                                    "sizes": []
                                }
                            },
                            "elements": [],
                            "isInner": false,
                            "widgetType": "text-editor",
                            "elType": "widget"
                        }
                    ],
                    "isInner": true,
                    "elType": "container"
                },
                {
                    "id": "287de7b6",
                    "settings": {
                        "flex_direction": "column",
                        "content_width": "full",
                        "width": {
                            "unit": "%",
                            "size": "50"
                        }
                    },
                    "elements": [
                        {
                            "id": "739242da",
                            "settings": {
                                "form_name": "New Form",
                                "form_fields": [
                                    {
                                        "custom_id": "name",
                                        "placeholder": "Имя",
                                        "dynamic": {
                                            "active": true
                                        },
                                        "_id": "7bb8794",
                                        "required": "true"
                                    },
                                    {
                                        "_id": "0e9e1e6",
                                        "field_type": "tel",
                                        "placeholder": "+7 (999) 999-99-99",
                                        "required": "true",
                                        "custom_id": "field_0e9e1e6"
                                    },
                                    {
                                        "_id": "a1adc2a",
                                        "field_type": "email",
                                        "placeholder": "Email",
                                        "custom_id": "field_a1adc2a"
                                    },
                                    {
                                        "custom_id": "message",
                                        "field_type": "textarea",
                                        "placeholder": "Комментарий",
                                        "_id": "fe9c388",
                                        "required": "true"
                                    },
                                    {
                                        "_id": "12613f7",
                                        "field_type": "checkbox",
                                        "field_options": "Даю согласие на обработку персональных данных согласно политике конфиденциальности сайта",
                                        "custom_id": "field_12613f7"
                                    }
                                ],
                                "input_size": "md",
                                "button_size": "md",
                                "button_width": "30",
                                "step_next_label": "Next",
                                "step_previous_label": "Previous",
                                "button_text": "Отправить",
                                "email_content": "[all-fields]",
                                "email_content_2": "[all-fields]",
                                "success_message": "Your submission was successful.",
                                "error_message": "Your submission failed because of an error.",
                                "server_message": "Your submission failed because of a server error.",
                                "invalid_message": "Your submission failed because the form is invalid.",
                                "required_field_message": "This field is required.",
                                "label_typography_typography": "custom",
                                "label_typography_font_family": "Roboto",
                                "label_typography_font_size": {
                                    "unit": "px",
                                    "size": 16,
                                    "sizes": []
                                },
                                "label_typography_font_weight": "400",
                                "field_text_color": "#000000",
                                "field_typography_typography": "custom",
                                "field_typography_font_family": "Arial",
                                "field_typography_font_size": {
                                    "unit": "px",
                                    "size": 16,
                                    "sizes": []
                                },
                                "field_typography_font_weight": "400",
                                "button_typography_typography": "custom",
                                "button_typography_font_family": "Arial",
                                "button_typography_font_size": {
                                    "unit": "px",
                                    "size": 16,
                                    "sizes": []
                                },
                                "button_typography_font_weight": "500",
                                "button_background_color": "#174783",
                                "previous_button_background_color": "#174783",
                                "button_background_hover_color": "#FF5F2E"
                            },
                            "elements": [],
                            "isInner": false,
                            "widgetType": "form",
                            "elType": "widget"
                        }
                    ],
                    "isInner": true,
                    "elType": "container"
                }
            ],
            "isInner": false,
            "elType": "container"
        }
    ],
    "page_settings": [],
    "version": "0.4",
    "title": "d60-4q",
    "type": "single-post"
}