{
    "content": [
        {
            "id": "25c89ff6",
            "settings": {
                "flex_direction": "row",
                "flex_gap": {
                    "unit": "px",
                    "size": 30,
                    "column": "030",
                    "row": "030",
                    "isLinked": true
                },
                "padding": {
                    "unit": "px",
                    "top": "100",
                    "right": "0",
                    "bottom": "0",
                    "left": "0",
                    "isLinked": false
                }
            },
            "elements": [
                {
                    "id": "6df57dd",
                    "settings": {
                        "flex_direction": "column",
                        "content_width": "full",
                        "width": {
                            "unit": "%",
                            "size": "50"
                        },
                        "padding": {
                            "unit": "px",
                            "top": "0",
                            "right": "0",
                            "bottom": "0",
                            "left": "0",
                            "isLinked": true
                        }
                    },
                    "elements": [
                        {
                            "id": "213f75cd",
                            "settings": {
                                "image": {
                                    "url": "https://static.tildacdn.com/tild6135-3237-4763-b034-386366386235/msg5523642330-67740_.jpg",
                                    "id": 100,
                                    "size": "",
                                    "alt": "",
                                    "source": "library"
                                },
                                "image_size": "full"
                            },
                            "elements": [],
                            "isInner": false,
                            "widgetType": "image",
                            "elType": "widget"
                        }
                    ],
                    "isInner": true,
                    "elType": "container"
                },
                {
                    "id": "2aad71bc",
                    "settings": {
                        "flex_direction": "column",
                        "content_width": "full",
                        "width": {
                            "unit": "%",
                            "size": "50"
                        },
                        "flex_justify_content": "center",
                        "padding": {
                            "unit": "px",
                            "top": "0",
                            "right": "0",
                            "bottom": "0",
                            "left": "0",
                            "isLinked": true
                        }
                    },
                    "elements": [
                        {
                            "id": "641b31c3",
                            "settings": {
                                "title": "Электрический вилочный погрузчик TRF E100-4Z4HLi (CPD100) ",
                                "title_color": "#000000",
                                "typography_typography": "custom",
                                "typography_font_family": "Arial",
                                "typography_font_size": {
                                    "unit": "px",
                                    "size": 40,
                                    "sizes": []
                                },
                                "typography_font_weight": "600",
                                "typography_font_size_mobile": {
                                    "unit": "px",
                                    "size": 30,
                                    "sizes": []
                                }
                            },
                            "elements": [],
                            "isInner": false,
                            "widgetType": "heading",
                            "elType": "widget"
                        },
                        {
                            "id": "67c9889b",
                            "settings": {
                                "text": "Получить КП",
                                "typography_typography": "custom",
                                "typography_font_family": "Roboto",
                                "typography_font_size": {
                                    "unit": "px",
                                    "size": 18,
                                    "sizes": []
                                },
                                "typography_font_weight": "500",
                                "background_color": "#FF5F2E",
                                "align_mobile": "center"
                            },
                            "elements": [],
                            "isInner": false,
                            "widgetType": "button",
                            "elType": "widget"
                        },
                        {
                            "id": "66927af7",
                            "settings": {
                                "editor": "4 серия <br/><br/>Грузоподъемность — 10000 кг <br/>Высота подъема — 3000 мм<br/>Тип двигателя — электрический<br/>Литий-ионный аккумулятор <br/><br/>Бесплатная доставка до вашего склада<br/>Гарантия — 1 год или 1000 моточасов<br/><br/>",
                                "text_color": "#000000",
                                "typography_typography": "custom",
                                "typography_font_family": "Arial",
                                "typography_font_size": {
                                    "unit": "px",
                                    "size": 16,
                                    "sizes": []
                                },
                                "typography_font_weight": "400"
                            },
                            "elements": [],
                            "isInner": false,
                            "widgetType": "text-editor",
                            "elType": "widget"
                        }
                    ],
                    "isInner": true,
                    "elType": "container"
                }
            ],
            "isInner": false,
            "elType": "container"
        },
        {
            "id": "7d762a77",
            "settings": {
                "flex_direction": "row",
                "flex_gap": {
                    "unit": "px",
                    "size": 0,
                    "column": "0",
                    "row": "0"
                },
                "padding": {
                    "unit": "px",
                    "top": "0100",
                    "right": "0",
                    "bottom": "0",
                    "left": "0",
                    "isLinked": false
                }
            },
            "elements": [
                {
                    "id": "783f6b3c",
                    "settings": {
                        "flex_direction": "column",
                        "content_width": "full",
                        "width": {
                            "unit": "%",
                            "size": 100
                        },
                        "padding": {
                            "unit": "px",
                            "top": "0",
                            "right": "0",
                            "bottom": "0",
                            "left": "0",
                            "isLinked": true
                        }
                    },
                    "elements": [
                        {
                            "id": "32d8542a",
                            "settings": {
                                "image": {
                                    "url": "https://static.tildacdn.com/tild3262-3261-4233-a365-613134633862/photo.png",
                                    "id": 57,
                                    "size": "",
                                    "alt": "",
                                    "source": "library"
                                },
                                "image_size": "full"
                            },
                            "elements": [],
                            "isInner": false,
                            "widgetType": "image",
                            "elType": "widget"
                        }
                    ],
                    "isInner": true,
                    "elType": "container"
                }
            ],
            "isInner": false,
            "elType": "container"
        },
        {
            "id": "f257045",
            "settings": {
                "flex_direction": "column",
                "padding": {
                    "unit": "px",
                    "top": "0100",
                    "right": "0",
                    "bottom": "0",
                    "left": "0",
                    "isLinked": false
                }
            },
            "elements": [
                {
                    "id": "68f7a88c",
                    "settings": {
                        "title": "Общие характеристики\n",
                        "title_color": "#000000",
                        "typography_typography": "custom",
                        "typography_font_family": "Arial",
                        "typography_font_size": {
                            "unit": "px",
                            "size": 30,
                            "sizes": []
                        },
                        "typography_font_weight": "600",
                        "typography_font_size_mobile": {
                            "unit": "px",
                            "size": 25,
                            "sizes": []
                        }
                    },
                    "elements": [],
                    "isInner": false,
                    "widgetType": "heading",
                    "elType": "widget"
                }
            ],
            "isInner": false,
            "elType": "container"
        },
        {
            "id": "600800fd",
            "settings": {
                "flex_direction": "column"
            },
            "elements": [
                {
                    "id": "66a6d145",
                    "settings": {
                        "table_header": [
                            {
                                "text": "<i>ХАРАКТЕРИСТИКИ</i>",
                                "_id": "3176835",
                                "advance": "yes",
                                "colspannumber": ""
                            },
                            {
                                "text": "",
                                "_id": "fb6d4cd"
                            },
                            {
                                "text": "<b>Задний свес L3, мм</b>",
                                "_id": "fc5afc9"
                            },
                            {
                                "text": "-\r",
                                "advance": "yes",
                                "_id": "73d53a3"
                            }
                        ],
                        "table_body": [
                            {
                                "text": "<b>Грузоподъемность, кг</b>",
                                "_id": "ade71ec"
                            },
                            {
                                "text": "10000",
                                "_id": "c77dc52"
                            },
                            {
                                "text": "<b>Общая ширина W1, мм</b>",
                                "_id": "4cf0653"
                            },
                            {
                                "text": "2116/1750\r",
                                "_id": "2bef454"
                            },
                            {
                                "_id": "7c3ef68",
                                "row": "yes",
                                "text": "<b>Центр тяжести, мм</b>"
                            },
                            {
                                "_id": "c9e7a65",
                                "text": "600*"
                            },
                            {
                                "_id": "ab7ff83",
                                "text": "<b>Колея (переднее/заднее колесо) W3, мм</b>"
                            },
                            {
                                "_id": "41d7984",
                                "text": "1636/1524\r"
                            },
                            {
                                "_id": "bfa12ca",
                                "row": "yes",
                                "text": "<b>Тип двигателя</b>"
                            },
                            {
                                "_id": "a6a8deb",
                                "text": "Электрический"
                            },
                            {
                                "_id": "1808a40",
                                "text": "<b>Диапазон регулировки вил (по внешней стороне, макс/мин) W5, мм</b>"
                            },
                            {
                                "_id": "473d47f",
                                "text": "420-2050\r"
                            },
                            {
                                "_id": "0e1bc2a",
                                "row": "yes",
                                "text": "<b>Вид управления</b>"
                            },
                            {
                                "_id": "d2aec53",
                                "text": "сидя"
                            },
                            {
                                "_id": "0f6825a",
                                "text": "<b>Минимальный радиус поворота r, мм</b>"
                            },
                            {
                                "_id": "ec6e3e6",
                                "text": "3320\r"
                            },
                            {
                                "_id": "843f4ec",
                                "row": "yes",
                                "text": "<b>Собственный вес, кг</b>"
                            },
                            {
                                "_id": "17cc90f",
                                "text": "14160"
                            },
                            {
                                "_id": "a01dc66",
                                "text": "<b>Угол наклона мачты (вперед/назад) α/β</b>"
                            },
                            {
                                "_id": "89c9267",
                                "text": "6/9\r"
                            },
                            {
                                "_id": "1c029e6",
                                "row": "yes",
                                "text": "<i>ШИНЫ</i>"
                            },
                            {
                                "_id": "49e8691",
                                "text": ""
                            },
                            {
                                "_id": "5a466a3",
                                "text": "<b>Размеры вил: толщина×ширина×длина T×W×L4, мм</b>"
                            },
                            {
                                "_id": "51b9888",
                                "text": "80x175x1820\r"
                            },
                            {
                                "_id": "c7d9679",
                                "row": "yes",
                                "text": "<b>Тип шин</b>"
                            },
                            {
                                "_id": "0807cd3",
                                "text": "Цельнолитые (СЕ)"
                            },
                            {
                                "_id": "725a0f7",
                                "text": "<b>Рабочий коридор Ra, мм</b>"
                            },
                            {
                                "_id": "0b0548e",
                                "text": "5180\r"
                            },
                            {
                                "_id": "276b2ab",
                                "row": "yes",
                                "text": "<b>Кол-во колес (передних/задних)</b>"
                            },
                            {
                                "_id": "bf4b6f2",
                                "text": "4X/2"
                            },
                            {
                                "_id": "614287f",
                                "text": "<i>ПРОИЗВОДИТЕЛЬНОСТЬ</i>"
                            },
                            {
                                "_id": "ce07702",
                                "text": "\r"
                            },
                            {
                                "_id": "2239271",
                                "row": "yes",
                                "text": "<b>Размер передних шин</b>"
                            },
                            {
                                "_id": "fcd3be2",
                                "text": "1636/1524"
                            },
                            {
                                "_id": "0315c5b",
                                "text": "<b>Скорость хода (полная нагрузка/без нагрузки), км/ч</b>"
                            },
                            {
                                "_id": "c7d30e7",
                                "text": "13/15\r"
                            },
                            {
                                "_id": "205c57c",
                                "row": "yes",
                                "text": "<b>Размер задних шин</b>"
                            },
                            {
                                "_id": "5f2e897",
                                "text": "8.25-15 / 250-15"
                            },
                            {
                                "_id": "117de8d",
                                "text": "<b>Скорость подъема (полная нагрузка/без нагрузки), мм/с</b>"
                            },
                            {
                                "_id": "f169717",
                                "text": "0.245/0.335\r"
                            },
                            {
                                "_id": "af4fdc9",
                                "row": "yes",
                                "text": "<i>РАЗМЕРЫ</i>"
                            },
                            {
                                "_id": "8be58da",
                                "text": ""
                            },
                            {
                                "_id": "3ee2983",
                                "text": "<b>Скорость опускания (полная нагрузка/без нагрузки), мм/с</b>"
                            },
                            {
                                "_id": "dc0d0cd",
                                "text": "0.42/0.38\r"
                            },
                            {
                                "_id": "69d2751",
                                "row": "yes",
                                "text": "<b>Высота подъема H, мм</b>"
                            },
                            {
                                "_id": "f5a0728",
                                "text": "3000"
                            },
                            {
                                "_id": "a48e227",
                                "text": "<b>Тяговое усилие (полная нагрузка/без нагрузки), N</b>"
                            },
                            {
                                "_id": "9ba4959",
                                "text": "45\r"
                            },
                            {
                                "_id": "bb4d690",
                                "row": "yes",
                                "text": "<b>Высота свернутой мачты H1, мм</b>"
                            },
                            {
                                "_id": "6ebf5c9",
                                "text": "2950"
                            },
                            {
                                "_id": "f97ed85",
                                "text": "<b>Преодолеваемый уклон (полная нагрузка/без нагрузки), %</b>"
                            },
                            {
                                "_id": "440825a",
                                "text": "15/20\r"
                            },
                            {
                                "_id": "1ffe1f4",
                                "row": "yes",
                                "text": "<b>Высота развернутой мачты (с кареткой) H2, мм</b>"
                            },
                            {
                                "_id": "b8e305c",
                                "text": "4510"
                            },
                            {
                                "_id": "7a878fb",
                                "text": "<i>ДВИГАТЕЛЬ</i>"
                            },
                            {
                                "_id": "88291a9",
                                "text": "\r"
                            },
                            {
                                "_id": "822faee",
                                "row": "yes",
                                "text": "<b>Свободный ход H3, мм</b>"
                            },
                            {
                                "_id": "3937226",
                                "text": "200"
                            },
                            {
                                "_id": "72bd659",
                                "text": "<b>Модель</b>"
                            },
                            {
                                "_id": "4136a21",
                                "text": "MOSFET/AC\r"
                            },
                            {
                                "_id": "1ef96a5",
                                "row": "yes",
                                "text": "<b>Высота по защитную крышу H4, мм</b>"
                            },
                            {
                                "_id": "cff8d52",
                                "text": "2445"
                            },
                            {
                                "_id": "1776f98",
                                "text": "<b>Мощность тягового эл/двигателя (S2-60 минут), кВт</b>"
                            },
                            {
                                "_id": "9da7b88",
                                "text": "AC 17.1x2\r"
                            },
                            {
                                "_id": "1cbcb72",
                                "row": "yes",
                                "text": "<b>Клиренс до мачты H5, мм</b>"
                            },
                            {
                                "_id": "6502d9c",
                                "text": "230/250"
                            },
                            {
                                "_id": "649f243",
                                "text": "<b>Напряжение/Емкость аккумулятора, V/Ah</b>"
                            },
                            {
                                "_id": "1b86f03",
                                "text": "80/1084\r"
                            },
                            {
                                "_id": "b6d52f9",
                                "row": "yes",
                                "text": "<b>Высота каретки H13, мм</b>"
                            },
                            {
                                "_id": "3d7fed2",
                                "text": "1024"
                            },
                            {
                                "_id": "dcdf80a",
                                "text": "<b>Масса аккумулятора, кг</b>"
                            },
                            {
                                "_id": "8ca1d4d",
                                "text": "550x2\r"
                            },
                            {
                                "_id": "0c0592b",
                                "row": "yes",
                                "text": "<b>Общая длина (с/без вил) L/L`, мм</b>"
                            },
                            {
                                "_id": "7dd61ff",
                                "text": "5580/"
                            },
                            {
                                "_id": "4f38ec7",
                                "text": "<b>Мощность эл/двигателя подъема (S3-15%)</b>"
                            },
                            {
                                "_id": "f5f20f8",
                                "text": "AC 26.5x2\r"
                            },
                            {
                                "_id": "3c37a90",
                                "row": "yes",
                                "text": "<b>Колесная база L1, мм</b>"
                            },
                            {
                                "_id": "ce299e0",
                                "text": "2580"
                            },
                            {
                                "_id": "3fb9799",
                                "text": ""
                            },
                            {
                                "_id": "4540cf6",
                                "text": ""
                            }
                        ],
                        "table_padding": {
                            "unit": "px",
                            "top": "1",
                            "right": "1",
                            "bottom": "1",
                            "left": "1",
                            "isLinked": true
                        },
                        "table_border_border": "solid",
                        "table_border_width": {
                            "unit": "px",
                            "top": "0",
                            "right": "5",
                            "bottom": "0",
                            "left": "5",
                            "isLinked": false
                        },
                        "table_border_color": "#FFFFFF",
                        "header_text_color": "#000000",
                        "header_bg_color": "#E5EEFF",
                        "body_align": "left",
                        "body_typography_typography": "custom",
                        "body_typography_font_family": "Arial",
                        "body_typography_font_size": {
                            "unit": "px",
                            "size": 16,
                            "sizes": []
                        },
                        "body_typography_font_weight": "600",
                        "body_bg_color": "#FFFFFF00",
                        "striped_bg": "yes",
                        "striped_bg_color": "#E5EEFF",
                        "header_typography_typography": "custom",
                        "body_typography_font_size_mobile": {
                            "unit": "px",
                            "size": 13,
                            "sizes": []
                        }
                    },
                    "elements": [],
                    "isInner": false,
                    "widgetType": "Table",
                    "elType": "widget"
                }
            ],
            "isInner": false,
            "elType": "container"
        },
        {
            "id": "335b8c70",
            "settings": {
                "flex_direction": "row",
                "flex_gap": {
                    "unit": "px",
                    "size": 0,
                    "column": "0",
                    "row": "0"
                },
                "padding": {
                    "unit": "px",
                    "top": "0100",
                    "right": "0",
                    "bottom": "0",
                    "left": "0",
                    "isLinked": false
                }
            },
            "elements": [
                {
                    "id": "366ee82e",
                    "settings": {
                        "flex_direction": "column",
                        "content_width": "full",
                        "width": {
                            "unit": "%",
                            "size": "50"
                        }
                    },
                    "elements": [
                        {
                            "id": "10566a14",
                            "settings": {
                                "title": "Стандартное оснащение\n",
                                "title_color": "#000000",
                                "typography_typography": "custom",
                                "typography_font_family": "Arial",
                                "typography_font_size": {
                                    "unit": "px",
                                    "size": 30,
                                    "sizes": []
                                },
                                "typography_font_weight": "600",
                                "typography_font_size_mobile": {
                                    "unit": "px",
                                    "size": 25,
                                    "sizes": []
                                }
                            },
                            "elements": [],
                            "isInner": false,
                            "widgetType": "heading",
                            "elType": "widget"
                        },
                        {
                            "id": "1e8cb13f",
                            "settings": {
                                "text": "Разделитель",
                                "weight": {
                                    "unit": "px",
                                    "size": 3,
                                    "sizes": []
                                }
                            },
                            "elements": [],
                            "isInner": false,
                            "widgetType": "divider",
                            "elType": "widget"
                        },
                        {
                            "id": "78f4f37",
                            "settings": {
                                "editor": "<ul><li> Синхронное рулевое управление</li><li>Электрогидравлический тормоз</li><li>Кабина</li><li>Лобовое стекло с стеклоочистителем</li><li>Заднее ветровое стекло </li></ul>",
                                "text_color": "#000000",
                                "typography_typography": "custom",
                                "typography_font_family": "Roboto",
                                "typography_font_size": {
                                    "unit": "px",
                                    "size": 16,
                                    "sizes": []
                                },
                                "typography_font_weight": "400",
                                "typography_font_size_mobile": {
                                    "unit": "px",
                                    "size": 13,
                                    "sizes": []
                                }
                            },
                            "elements": [],
                            "isInner": false,
                            "widgetType": "text-editor",
                            "elType": "widget"
                        }
                    ],
                    "isInner": true,
                    "elType": "container"
                },
                {
                    "id": "3ce790c2",
                    "settings": {
                        "flex_direction": "column",
                        "content_width": "full",
                        "width": {
                            "unit": "%",
                            "size": "50"
                        }
                    },
                    "elements": [
                        {
                            "id": "26f581ea",
                            "settings": {
                                "title": "Опциональное оснащение\n",
                                "title_color": "#000000",
                                "typography_typography": "custom",
                                "typography_font_family": "Arial",
                                "typography_font_size": {
                                    "unit": "px",
                                    "size": 30,
                                    "sizes": []
                                },
                                "typography_font_weight": "600",
                                "typography_font_size_mobile": {
                                    "unit": "px",
                                    "size": 25,
                                    "sizes": []
                                }
                            },
                            "elements": [],
                            "isInner": false,
                            "widgetType": "heading",
                            "elType": "widget"
                        },
                        {
                            "id": "5f373dbb",
                            "settings": {
                                "text": "Разделитель",
                                "weight": {
                                    "unit": "px",
                                    "size": 3,
                                    "sizes": []
                                }
                            },
                            "elements": [],
                            "isInner": false,
                            "widgetType": "divider",
                            "elType": "widget"
                        },
                        {
                            "id": "614682ee",
                            "settings": {
                                "editor": "<ul><li> Система контроля присутствия оператора OPS</li><li>Функция автоматического замедления при повороте</li><li>Цельнолитые шины</li><li>Функция автоматического долива воды аккумулятора (для свинцово-кислотных АКБ)</li><li>Интегрированный позиционер вил</li><li>Подрессоренное сиденье оператора</li><li>Полностью светодиодное освещение</li><li>Задний рабочий фонарь (2 штуки)</li><li>Проблесковый маячок</li><li>Функция автоматического включения стояночного тормоза</li><li>4-х секционный гидрораспределительный клапан</li><li>Аккумуляторная батарея</li><li>Вилы </li></ul>",
                                "text_color": "#000000",
                                "typography_typography": "custom",
                                "typography_font_family": "Roboto",
                                "typography_font_size": {
                                    "unit": "px",
                                    "size": 16,
                                    "sizes": []
                                },
                                "typography_font_weight": "400",
                                "typography_font_size_mobile": {
                                    "unit": "px",
                                    "size": 13,
                                    "sizes": []
                                }
                            },
                            "elements": [],
                            "isInner": false,
                            "widgetType": "text-editor",
                            "elType": "widget"
                        }
                    ],
                    "isInner": true,
                    "elType": "container"
                }
            ],
            "isInner": false,
            "elType": "container"
        },
        {
            "id": "26caf23c",
            "settings": {
                "flex_direction": "column",
                "flex_align_items": "center",
                "margin": {
                    "unit": "px",
                    "top": "0100",
                    "right": "0",
                    "bottom": "0",
                    "left": "0",
                    "isLinked": false
                }
            },
            "elements": [
                {
                    "id": "7b7a09fb",
                    "settings": {
                        "content_width": "full",
                        "width": {
                            "unit": "%",
                            "size": 70,
                            "sizes": []
                        },
                        "background_background": "classic",
                        "background_color": "#174783",
                        "border_radius": {
                            "unit": "px",
                            "top": "5",
                            "right": "5",
                            "bottom": "5",
                            "left": "5",
                            "isLinked": true
                        },
                        "padding": {
                            "unit": "px",
                            "top": "050",
                            "right": "050",
                            "bottom": "050",
                            "left": "050",
                            "isLinked": true
                        },
                        "padding_mobile": {
                            "unit": "px",
                            "top": "20",
                            "right": "20",
                            "bottom": "20",
                            "left": "20",
                            "isLinked": true
                        }
                    },
                    "elements": [
                        {
                            "id": "1d5344dc",
                            "settings": {
                                "editor": "<p>Бесплатно доставим в любую точку России<br /><br />Осуществляем доставку одним из способов:</p><ul><li>Автомобильными путями</li><li>Железнодорожными путями</li></ul><p>Скорость доставки зависит от логистической доступности и оптимальности перевозки. Сохранность и целостность груза обеспечивается ограниченным кругом проверенных и надежных перевозчиков, чья ответственность юридически оформлена.</p>",
                                "text_color": "#FFFFFF",
                                "typography_typography": "custom",
                                "typography_font_family": "Roboto",
                                "typography_font_size": {
                                    "unit": "px",
                                    "size": 16,
                                    "sizes": []
                                },
                                "typography_font_weight": "400",
                                "typography_font_size_mobile": {
                                    "unit": "px",
                                    "size": 13,
                                    "sizes": []
                                }
                            },
                            "elements": [],
                            "isInner": false,
                            "widgetType": "text-editor",
                            "elType": "widget"
                        }
                    ],
                    "isInner": true,
                    "elType": "container"
                }
            ],
            "isInner": false,
            "elType": "container"
        },
        {
            "id": "5c269178",
            "settings": {
                "flex_direction": "row",
                "flex_gap": {
                    "unit": "px",
                    "size": 0,
                    "column": "0",
                    "row": "0"
                },
                "padding": {
                    "unit": "px",
                    "top": "100",
                    "right": "0",
                    "bottom": "100",
                    "left": "0",
                    "isLinked": false
                }
            },
            "elements": [
                {
                    "id": "384b3e37",
                    "settings": {
                        "flex_direction": "column",
                        "content_width": "full",
                        "width": {
                            "unit": "%",
                            "size": "50"
                        }
                    },
                    "elements": [
                        {
                            "id": "41df78c",
                            "settings": {
                                "title": "Оставьте заявку\n",
                                "align": "left",
                                "title_color": "#000000",
                                "typography_typography": "custom",
                                "typography_font_family": "Arial",
                                "typography_font_size": {
                                    "unit": "px",
                                    "size": 40,
                                    "sizes": []
                                },
                                "typography_font_weight": "600",
                                "typography_font_size_mobile": {
                                    "unit": "px",
                                    "size": 25,
                                    "sizes": []
                                }
                            },
                            "elements": [],
                            "isInner": false,
                            "widgetType": "heading",
                            "elType": "widget"
                        },
                        {
                            "id": "3280313e",
                            "settings": {
                                "editor": "<p>Мы свяжемся с вами в ближайшее время и проконсультируем.</p>",
                                "text_color": "#000000",
                                "typography_typography": "custom",
                                "typography_font_family": "Arial",
                                "typography_font_size": {
                                    "unit": "px",
                                    "size": 20,
                                    "sizes": []
                                },
                                "typography_font_weight": "400",
                                "typography_font_size_mobile": {
                                    "unit": "px",
                                    "size": 16,
                                    "sizes": []
                                }
                            },
                            "elements": [],
                            "isInner": false,
                            "widgetType": "text-editor",
                            "elType": "widget"
                        }
                    ],
                    "isInner": true,
                    "elType": "container"
                },
                {
                    "id": "287de7b6",
                    "settings": {
                        "flex_direction": "column",
                        "content_width": "full",
                        "width": {
                            "unit": "%",
                            "size": "50"
                        }
                    },
                    "elements": [
                        {
                            "id": "739242da",
                            "settings": {
                                "form_name": "New Form",
                                "form_fields": [
                                    {
                                        "custom_id": "name",
                                        "placeholder": "Имя",
                                        "dynamic": {
                                            "active": true
                                        },
                                        "_id": "7bb8794",
                                        "required": "true"
                                    },
                                    {
                                        "_id": "0e9e1e6",
                                        "field_type": "tel",
                                        "placeholder": "+7 (999) 999-99-99",
                                        "required": "true",
                                        "custom_id": "field_0e9e1e6"
                                    },
                                    {
                                        "_id": "a1adc2a",
                                        "field_type": "email",
                                        "placeholder": "Email",
                                        "custom_id": "field_a1adc2a"
                                    },
                                    {
                                        "custom_id": "message",
                                        "field_type": "textarea",
                                        "placeholder": "Комментарий",
                                        "_id": "fe9c388",
                                        "required": "true"
                                    },
                                    {
                                        "_id": "12613f7",
                                        "field_type": "checkbox",
                                        "field_options": "Даю согласие на обработку персональных данных согласно политике конфиденциальности сайта",
                                        "custom_id": "field_12613f7"
                                    }
                                ],
                                "input_size": "md",
                                "button_size": "md",
                                "button_width": "30",
                                "step_next_label": "Next",
                                "step_previous_label": "Previous",
                                "button_text": "Отправить",
                                "email_content": "[all-fields]",
                                "email_content_2": "[all-fields]",
                                "success_message": "Your submission was successful.",
                                "error_message": "Your submission failed because of an error.",
                                "server_message": "Your submission failed because of a server error.",
                                "invalid_message": "Your submission failed because the form is invalid.",
                                "required_field_message": "This field is required.",
                                "label_typography_typography": "custom",
                                "label_typography_font_family": "Roboto",
                                "label_typography_font_size": {
                                    "unit": "px",
                                    "size": 16,
                                    "sizes": []
                                },
                                "label_typography_font_weight": "400",
                                "field_text_color": "#000000",
                                "field_typography_typography": "custom",
                                "field_typography_font_family": "Arial",
                                "field_typography_font_size": {
                                    "unit": "px",
                                    "size": 16,
                                    "sizes": []
                                },
                                "field_typography_font_weight": "400",
                                "button_typography_typography": "custom",
                                "button_typography_font_family": "Arial",
                                "button_typography_font_size": {
                                    "unit": "px",
                                    "size": 16,
                                    "sizes": []
                                },
                                "button_typography_font_weight": "500",
                                "button_background_color": "#174783",
                                "previous_button_background_color": "#174783",
                                "button_background_hover_color": "#FF5F2E"
                            },
                            "elements": [],
                            "isInner": false,
                            "widgetType": "form",
                            "elType": "widget"
                        }
                    ],
                    "isInner": true,
                    "elType": "container"
                }
            ],
            "isInner": false,
            "elType": "container"
        }
    ],
    "page_settings": [],
    "version": "0.4",
    "title": "e100-4z4hli",
    "type": "single-post"
}